essay_id,essay_set,actual_pred_score,my_pred_score
1788,1,7,7.0
1789,1,8,7.0
1790,1,9,9.0
1791,1,9,7.0
1792,1,9,9.0
1793,1,9,9.0
1794,1,9,9.0
1795,1,11,10.0
1796,1,8,7.0
1797,1,10,11.0
1798,1,8,8.0
1799,1,9,8.0
1800,1,8,7.0
1801,1,12,9.0
1802,1,7,7.0
1803,1,8,8.0
1804,1,8,9.0
1805,1,9,6.0
1806,1,8,8.0
1807,1,8,8.0
1808,1,9,8.0
1809,1,9,8.0
1810,1,11,9.0
1811,1,10,12.0
1812,1,9,7.0
1814,1,8,8.0
1815,1,8,7.0
1816,1,8,10.0
1817,1,9,8.0
1818,1,8,7.0
1819,1,9,9.0
1820,1,8,7.0
1821,1,9,8.0
1822,1,5,8.0
1823,1,9,8.0
1824,1,11,9.0
1825,1,10,9.0
1826,1,8,8.0
1827,1,9,7.0
1828,1,7,7.0
1829,1,11,17.0
1830,1,8,9.0
1831,1,11,9.0
1832,1,10,9.0
1833,1,9,9.0
1834,1,10,8.0
1835,1,7,6.0
1836,1,8,7.0
1837,1,9,9.0
1838,1,10,8.0
1839,1,8,7.0
1840,1,9,9.0
1841,1,8,7.0
1842,1,11,8.0
1843,1,10,9.0
1844,1,7,8.0
1845,1,8,9.0
1846,1,6,9.0
1847,1,8,9.0
1848,1,7,7.0
1849,1,9,8.0
1850,1,9,9.0
1851,1,10,8.0
1852,1,8,7.0
1853,1,8,7.0
1854,1,8,8.0
1855,1,7,7.0
1856,1,7,7.0
1857,1,7,8.0
1858,1,9,7.0
1859,1,10,8.0
1860,1,9,12.0
1861,1,9,9.0
1862,1,10,10.0
1863,1,9,10.0
1864,1,8,8.0
1865,1,9,8.0
1866,1,8,5.0
1867,1,9,10.0
1868,1,7,7.0
1869,1,10,10.0
1870,1,9,8.0
1871,1,9,8.0
1872,1,8,8.0
1873,1,8,9.0
1874,1,8,8.0
1875,1,10,9.0
1876,1,9,8.0
1877,1,8,8.0
1878,1,8,8.0
1879,1,10,8.0
1880,1,9,8.0
1881,1,8,8.0
1882,1,5,7.0
1883,1,8,8.0
1884,1,8,8.0
1885,1,10,7.0
1886,1,9,9.0
1887,1,8,8.0
1888,1,10,8.0
1889,1,8,7.0
1890,1,9,8.0
1891,1,9,9.0
1892,1,11,10.0
1893,1,9,9.0
1894,1,8,8.0
1895,1,10,10.0
1896,1,8,8.0
1897,1,8,8.0
1898,1,8,6.0
1899,1,9,10.0
1900,1,7,7.0
1901,1,8,8.0
1902,1,10,8.0
1903,1,9,10.0
1904,1,7,7.0
1905,1,9,8.0
1906,1,7,7.0
1907,1,8,9.0
1908,1,12,10.0
1909,1,8,8.0
1910,1,11,8.0
1911,1,9,9.0
1912,1,8,8.0
1913,1,10,9.0
1914,1,8,9.0
1915,1,9,7.0
1916,1,7,8.0
1917,1,8,7.0
1918,1,6,8.0
1919,1,9,24.0
1920,1,9,7.0
1921,1,8,9.0
1922,1,8,9.0
1923,1,8,8.0
1924,1,8,7.0
1925,1,9,9.0
1926,1,6,8.0
1927,1,9,12.0
1929,1,6,6.0
1930,1,10,8.0
1931,1,7,7.0
1932,1,6,9.0
1933,1,8,8.0
1934,1,10,6.0
1935,1,10,9.0
1936,1,8,8.0
1937,1,10,9.0
1938,1,9,8.0
1939,1,10,8.0
1940,1,9,8.0
1941,1,10,8.0
1942,1,6,8.0
1943,1,8,7.0
1944,1,7,7.0
1945,1,8,8.0
1946,1,10,9.0
1947,1,6,8.0
1948,1,10,8.0
1949,1,11,9.0
1950,1,9,8.0
1951,1,10,9.0
1952,1,9,8.0
1953,1,8,7.0
1954,1,8,7.0
1955,1,8,8.0
1956,1,9,9.0
1957,1,7,7.0
1958,1,9,9.0
1959,1,10,13.0
1960,1,8,8.0
1961,1,10,8.0
1962,1,7,7.0
1963,1,10,8.0
1964,1,9,10.0
1965,1,9,9.0
1966,1,9,8.0
1967,1,10,9.0
1968,1,9,9.0
1969,1,10,9.0
1970,1,7,8.0
1971,1,9,8.0
1972,1,8,7.0
1973,1,9,8.0
1974,1,9,9.0
1975,1,8,8.0
1976,1,6,9.0
1977,1,10,9.0
1978,1,9,8.0
1979,1,9,8.0
1980,1,9,9.0
1981,1,8,8.0
1982,1,7,7.0
1983,1,10,7.0
1984,1,10,9.0
1985,1,9,9.0
1986,1,9,9.0
1987,1,2,8.0
1988,1,7,8.0
1989,1,8,7.0
1990,1,7,8.0
1991,1,8,8.0
1992,1,8,11.0
1993,1,8,10.0
1994,1,8,8.0
1995,1,10,10.0
1996,1,9,9.0
1997,1,8,9.0
1998,1,9,16.0
1999,1,9,9.0
2000,1,9,9.0
2001,1,8,7.0
2002,1,9,8.0
2003,1,11,9.0
2004,1,10,10.0
2005,1,9,8.0
2006,1,7,8.0
2007,1,8,8.0
2008,1,8,8.0
2009,1,4,7.0
2010,1,11,10.0
2011,1,9,7.0
2012,1,10,8.0
2013,1,10,9.0
2014,1,7,8.0
2015,1,7,8.0
2016,1,11,8.0
2017,1,11,9.0
2019,1,7,8.0
2020,1,8,8.0
2021,1,8,8.0
2022,1,8,7.0
2023,1,11,9.0
2024,1,10,14.0
2025,1,9,7.0
2026,1,8,9.0
2027,1,6,7.0
2028,1,6,7.0
2029,1,9,9.0
2030,1,8,7.0
2031,1,8,7.0
2032,1,10,8.0
2033,1,10,9.0
2034,1,9,9.0
2035,1,9,9.0
2036,1,8,8.0
2037,1,9,8.0
2038,1,8,8.0
2039,1,8,8.0
2040,1,9,10.0
2041,1,8,8.0
2042,1,9,9.0
2043,1,8,9.0
2044,1,10,10.0
2045,1,7,9.0
2046,1,9,8.0
2047,1,8,8.0
2048,1,7,7.0
2049,1,9,9.0
2050,1,6,7.0
2051,1,10,8.0
2052,1,8,7.0
2053,1,10,9.0
2054,1,11,9.0
2055,1,11,9.0
2056,1,12,9.0
2057,1,9,8.0
2058,1,9,9.0
2059,1,10,9.0
2060,1,9,7.0
2061,1,9,9.0
2062,1,8,7.0
2063,1,10,10.0
2064,1,9,8.0
2065,1,8,8.0
2066,1,11,8.0
2067,1,9,8.0
2068,1,10,8.0
2069,1,7,7.0
2070,1,8,9.0
2071,1,8,9.0
2072,1,7,9.0
2073,1,8,8.0
2074,1,7,8.0
2075,1,8,9.0
2076,1,5,7.0
2077,1,8,6.0
2078,1,10,9.0
2079,1,8,8.0
2080,1,8,8.0
2081,1,8,8.0
2082,1,7,7.0
2083,1,7,10.0
2084,1,8,8.0
2085,1,9,10.0
2086,1,8,10.0
2087,1,8,9.0
2088,1,9,8.0
2089,1,9,8.0
2090,1,9,7.0
2092,1,9,7.0
2093,1,9,8.0
2094,1,6,7.0
2095,1,11,9.0
2096,1,8,9.0
2097,1,11,9.0
2098,1,8,10.0
2099,1,10,8.0
2100,1,8,7.0
2101,1,7,7.0
2102,1,8,9.0
2103,1,10,11.0
2104,1,9,9.0
2105,1,11,9.0
2106,1,8,7.0
2107,1,8,8.0
2108,1,10,10.0
2109,1,10,9.0
2110,1,8,19.0
2111,1,8,8.0
2112,1,7,8.0
2113,1,11,9.0
2114,1,10,9.0
2115,1,10,8.0
2116,1,8,9.0
2117,1,10,8.0
2118,1,7,8.0
2119,1,9,9.0
2120,1,8,9.0
2121,1,8,11.0
2122,1,9,8.0
2123,1,9,8.0
2124,1,10,8.0
2125,1,6,9.0
2126,1,8,8.0
2127,1,7,7.0
2128,1,8,8.0
2129,1,9,14.0
2130,1,9,8.0
2131,1,8,7.0
2132,1,10,9.0
2133,1,11,10.0
2134,1,8,9.0
2135,1,9,9.0
2136,1,10,20.0
2137,1,8,8.0
2138,1,8,10.0
2139,1,10,8.0
2140,1,7,8.0
2141,1,8,11.0
2142,1,9,8.0
2143,1,6,7.0
2144,1,9,9.0
2145,1,9,7.0
2146,1,10,8.0
2147,1,8,8.0
2148,1,8,10.0
2149,1,10,8.0
2150,1,8,8.0
2151,1,8,10.0
2152,1,10,8.0
2153,1,8,8.0
2154,1,9,9.0
2155,1,10,8.0
2156,1,10,8.0
2157,1,9,9.0
2158,1,10,8.0
2159,1,8,8.0
2160,1,8,7.0
2161,1,9,8.0
2162,1,8,7.0
2163,1,8,8.0
2164,1,9,7.0
2165,1,10,9.0
2166,1,8,10.0
2167,1,10,9.0
2168,1,8,7.0
2169,1,6,7.0
2170,1,8,9.0
2171,1,6,5.0
2172,1,8,8.0
2173,1,7,7.0
2174,1,11,8.0
2175,1,8,7.0
2176,1,9,8.0
2177,1,7,7.0
2178,1,9,8.0
2179,1,8,7.0
2180,1,10,8.0
2181,1,8,8.0
2182,1,8,9.0
2183,1,8,9.0
2184,1,8,11.0
2185,1,6,6.0
2186,1,8,8.0
2187,1,10,9.0
2188,1,10,9.0
2189,1,9,8.0
2190,1,7,7.0
2191,1,9,10.0
2192,1,7,8.0
2193,1,10,11.0
2194,1,10,10.0
2195,1,9,9.0
2196,1,7,9.0
2197,1,10,8.0
2198,1,7,8.0
2199,1,9,9.0
2200,1,8,8.0
2201,1,7,6.0
2202,1,9,8.0
2203,1,8,8.0
2204,1,8,8.0
2205,1,10,9.0
2206,1,10,8.0
2207,1,9,9.0
2208,1,9,8.0
2209,1,8,7.0
2210,1,8,8.0
2211,1,11,10.0
2212,1,8,9.0
2213,1,8,7.0
2214,1,8,6.0
2215,1,11,8.0
2216,1,8,11.0
2217,1,4,6.0
2218,1,9,7.0
2219,1,9,7.0
2220,1,8,8.0
2221,1,8,8.0
2222,1,8,9.0
2223,1,10,9.0
2224,1,9,10.0
2225,1,6,8.0
2226,1,9,9.0
2227,1,10,9.0
2228,1,6,8.0
2229,1,9,8.0
2230,1,9,7.0
2231,1,9,7.0
2232,1,9,8.0
2233,1,9,8.0
2234,1,8,8.0
2235,1,8,9.0
2236,1,7,7.0
2237,1,8,10.0
2238,1,8,10.0
2239,1,10,9.0
2240,1,6,8.0
2241,1,6,8.0
2242,1,8,10.0
2243,1,10,9.0
2244,1,11,10.0
2245,1,10,8.0
2246,1,9,9.0
2247,1,8,7.0
2248,1,11,8.0
2249,1,6,9.0
2250,1,11,9.0
2251,1,9,15.0
2252,1,9,9.0
2253,1,9,8.0
2254,1,8,8.0
2255,1,9,9.0
2256,1,9,8.0
2257,1,10,8.0
2258,1,10,10.0
2259,1,8,8.0
2260,1,8,9.0
2261,1,9,13.0
2262,1,9,8.0
2263,1,7,8.0
2264,1,6,7.0
2265,1,9,9.0
2266,1,9,9.0
2267,1,6,7.0
2268,1,12,7.0
2269,1,7,7.0
2270,1,8,9.0
2271,1,7,7.0
2272,1,5,8.0
2273,1,7,8.0
2274,1,8,8.0
2275,1,10,10.0
2276,1,7,8.0
2277,1,8,9.0
2278,1,8,7.0
2279,1,10,8.0
2280,1,10,8.0
2281,1,10,8.0
2282,1,8,9.0
2283,1,9,8.0
2284,1,9,9.0
2285,1,10,8.0
2286,1,10,9.0
2287,1,10,9.0
2288,1,11,9.0
2289,1,9,8.0
2290,1,9,8.0
2291,1,8,8.0
2292,1,7,7.0
2293,1,9,8.0
2294,1,8,8.0
2295,1,10,8.0
2296,1,8,8.0
2297,1,8,8.0
2298,1,6,9.0
2299,1,11,7.0
2300,1,8,8.0
2301,1,12,9.0
2302,1,9,8.0
2303,1,7,9.0
2304,1,9,9.0
2305,1,9,10.0
2306,1,9,9.0
2307,1,8,8.0
2308,1,10,8.0
2309,1,9,8.0
2310,1,8,8.0
2311,1,8,7.0
2312,1,8,8.0
2313,1,10,8.0
2314,1,8,7.0
2315,1,6,8.0
2316,1,9,11.0
2317,1,8,8.0
2318,1,9,8.0
2319,1,8,7.0
2320,1,8,13.0
2321,1,8,9.0
2322,1,9,8.0
2323,1,10,10.0
2324,1,10,10.0
2325,1,8,7.0
2326,1,7,8.0
2327,1,8,8.0
2328,1,10,9.0
2329,1,7,8.0
2330,1,9,7.0
2331,1,7,11.0
2332,1,9,8.0
2333,1,9,8.0
2334,1,10,11.0
2335,1,9,9.0
2336,1,8,9.0
2338,1,10,8.0
2339,1,11,8.0
2340,1,10,8.0
2341,1,8,8.0
2342,1,6,8.0
2343,1,7,8.0
2344,1,8,9.0
2345,1,7,8.0
2346,1,8,9.0
2347,1,10,8.0
2348,1,9,8.0
2349,1,8,9.0
2350,1,8,7.0
2351,1,8,8.0
2352,1,10,8.0
2353,1,8,9.0
2354,1,8,7.0
2355,1,7,7.0
2356,1,7,9.0
2357,1,8,7.0
2358,1,9,9.0
2359,1,8,10.0
2360,1,9,9.0
2361,1,9,9.0
2362,1,9,7.0
2363,1,8,8.0
2364,1,8,9.0
2365,1,9,10.0
2366,1,8,8.0
2367,1,2,7.0
2368,1,8,8.0
2369,1,10,9.0
2370,1,9,9.0
2371,1,8,7.0
2372,1,9,8.0
2373,1,8,9.0
2374,1,10,8.0
2375,1,9,7.0
2376,1,8,11.0
2377,1,10,8.0
2378,1,8,11.0
2379,1,5,6.0
2380,1,8,9.0
2382,1,10,8.0
4778,2,4,3.0
4779,2,4,3.0
4780,2,3,3.0
4781,2,4,5.0
4782,2,4,3.0
4783,2,4,4.0
4784,2,3,3.0
4785,2,3,3.0
4786,2,3,3.0
4787,2,4,3.0
4788,2,3,3.0
4789,2,3,3.0
4790,2,4,3.0
4791,2,3,3.0
4792,2,4,3.0
4793,2,4,4.0
4794,2,3,3.0
4795,2,4,3.0
4796,2,3,3.0
4797,2,3,3.0
4798,2,3,3.0
4799,2,2,3.0
4800,2,4,3.0
4801,2,3,3.0
4802,2,3,3.0
4803,2,2,3.0
4804,2,4,5.0
4805,2,3,3.0
4806,2,4,3.0
4807,2,3,3.0
4808,2,4,4.0
4809,2,4,3.0
4810,2,4,4.0
4811,2,4,3.0
4812,2,3,4.0
4813,2,4,3.0
4814,2,4,3.0
4815,2,3,4.0
4816,2,4,4.0
4817,2,3,3.0
4818,2,3,3.0
4819,2,3,3.0
4820,2,3,4.0
4821,2,3,3.0
4822,2,4,3.0
4823,2,4,3.0
4824,2,4,3.0
4825,2,4,3.0
4826,2,3,4.0
4827,2,4,3.0
4828,2,4,3.0
4829,2,3,15.0
4830,2,3,3.0
4831,2,4,3.0
4832,2,2,3.0
4833,2,5,4.0
4834,2,3,4.0
4835,2,4,3.0
4836,2,4,3.0
4837,2,5,6.0
4838,2,3,3.0
4839,2,4,3.0
4840,2,2,3.0
4841,2,3,4.0
4842,2,3,3.0
4843,2,4,4.0
4844,2,3,3.0
4845,2,3,3.0
4846,2,1,3.0
4847,2,4,3.0
4848,2,4,4.0
4849,2,4,3.0
4850,2,3,5.0
4851,2,3,5.0
4852,2,4,4.0
4853,2,4,3.0
4854,2,3,3.0
4855,2,3,4.0
4856,2,3,3.0
4857,2,2,4.0
4858,2,3,2.0
4859,2,3,2.0
4860,2,4,3.0
4861,2,2,6.0
4862,2,2,3.0
4863,2,3,4.0
4864,2,3,2.0
4865,2,4,5.0
4866,2,2,3.0
4867,2,3,3.0
4868,2,3,3.0
4869,2,2,3.0
4870,2,3,3.0
4871,2,3,4.0
4872,2,3,5.0
4873,2,3,3.0
4874,2,4,14.0
4875,2,3,2.0
4876,2,3,2.0
4877,2,3,4.0
4878,2,4,3.0
4879,2,5,3.0
4880,2,2,3.0
4881,2,4,4.0
4882,2,3,3.0
4883,2,4,4.0
4884,2,3,3.0
4885,2,4,4.0
4886,2,3,3.0
4887,2,4,4.0
4888,2,3,2.0
4889,2,4,3.0
4890,2,3,3.0
4891,2,2,4.0
4892,2,3,3.0
4893,2,5,3.0
4894,2,2,3.0
4895,2,3,3.0
4896,2,4,3.0
4897,2,3,3.0
4898,2,2,3.0
4899,2,3,4.0
4900,2,4,3.0
4901,2,3,3.0
4902,2,3,3.0
4903,2,3,3.0
4904,2,2,3.0
4905,2,3,5.0
4906,2,3,3.0
4907,2,3,3.0
4908,2,3,3.0
4909,2,4,4.0
4910,2,4,3.0
4911,2,3,3.0
4912,2,4,3.0
4913,2,4,5.0
4914,2,4,3.0
4915,2,2,4.0
4916,2,4,3.0
4917,2,4,4.0
4918,2,3,3.0
4919,2,4,3.0
4920,2,4,3.0
4921,2,3,5.0
4922,2,3,3.0
4923,2,2,2.0
4924,2,3,4.0
4925,2,4,3.0
4926,2,3,4.0
4927,2,5,3.0
4928,2,3,3.0
4929,2,3,4.0
4930,2,3,6.0
4931,2,4,4.0
4932,2,3,3.0
4933,2,4,3.0
4934,2,1,3.0
4935,2,4,3.0
4936,2,4,3.0
4937,2,4,3.0
4938,2,3,3.0
4939,2,3,3.0
4940,2,4,3.0
4941,2,3,3.0
4942,2,4,4.0
4943,2,3,3.0
4944,2,4,3.0
4945,2,5,4.0
4946,2,5,4.0
4947,2,4,3.0
4948,2,3,3.0
4949,2,3,3.0
4950,2,3,3.0
4951,2,3,3.0
4952,2,3,2.0
4953,2,3,6.0
4954,2,4,3.0
4955,2,3,3.0
4956,2,4,3.0
4957,2,2,3.0
4958,2,4,3.0
4959,2,4,3.0
4960,2,4,6.0
4961,2,3,4.0
4962,2,3,3.0
4963,2,4,3.0
4964,2,5,3.0
4965,2,3,3.0
4966,2,4,3.0
4967,2,3,3.0
4968,2,3,3.0
4969,2,3,3.0
4970,2,4,8.0
4971,2,3,3.0
4972,2,4,3.0
4973,2,4,5.0
4974,2,4,3.0
4975,2,4,4.0
4976,2,2,2.0
4977,2,4,4.0
4978,2,4,3.0
4979,2,4,4.0
4980,2,3,4.0
4981,2,3,3.0
4982,2,3,3.0
4983,2,4,3.0
4984,2,3,3.0
4985,2,4,4.0
4986,2,4,3.0
4987,2,3,6.0
4988,2,4,4.0
4989,2,2,3.0
4990,2,4,4.0
4991,2,4,3.0
4992,2,3,3.0
4993,2,2,3.0
4994,2,2,3.0
4995,2,4,3.0
4996,2,4,4.0
4997,2,5,4.0
4998,2,4,4.0
4999,2,4,4.0
5000,2,4,3.0
5001,2,4,3.0
5002,2,3,3.0
5003,2,4,4.0
5004,2,4,3.0
5005,2,3,3.0
5006,2,3,3.0
5007,2,4,4.0
5008,2,3,4.0
5009,2,4,3.0
5010,2,3,4.0
5011,2,4,3.0
5012,2,4,4.0
5013,2,3,5.0
5014,2,4,4.0
5015,2,4,3.0
5016,2,4,3.0
5017,2,4,4.0
5018,2,3,5.0
5019,2,4,7.0
5020,2,3,3.0
5021,2,4,4.0
5022,2,4,4.0
5023,2,3,4.0
5024,2,3,3.0
5025,2,2,3.0
5026,2,3,3.0
5027,2,4,3.0
5028,2,4,3.0
5029,2,2,2.0
5030,2,3,4.0
5031,2,4,3.0
5032,2,4,3.0
5033,2,4,3.0
5034,2,3,3.0
5035,2,3,3.0
5036,2,5,3.0
5037,2,4,3.0
5038,2,3,3.0
5039,2,3,3.0
5040,2,2,3.0
5041,2,4,3.0
5042,2,3,3.0
5043,2,4,4.0
5044,2,3,3.0
5045,2,4,3.0
5046,2,4,3.0
5047,2,4,3.0
5048,2,2,4.0
5049,2,4,3.0
5050,2,3,3.0
5051,2,4,3.0
5052,2,3,3.0
5053,2,3,3.0
5054,2,4,4.0
5055,2,3,3.0
5056,2,4,5.0
5057,2,3,3.0
5058,2,4,3.0
5059,2,4,3.0
5060,2,2,3.0
5061,2,3,3.0
5062,2,3,3.0
5063,2,3,4.0
5064,2,4,3.0
5065,2,4,3.0
5066,2,4,4.0
5067,2,3,3.0
5068,2,2,2.0
5069,2,4,3.0
5070,2,5,3.0
5071,2,3,3.0
5072,2,5,4.0
5073,2,5,4.0
5074,2,3,3.0
5075,2,3,6.0
5076,2,3,3.0
5077,2,4,3.0
5078,2,3,4.0
5079,2,3,3.0
5080,2,3,3.0
5081,2,3,3.0
5082,2,3,3.0
5083,2,4,4.0
5084,2,4,3.0
5085,2,4,4.0
5086,2,4,3.0
5087,2,4,4.0
5088,2,4,3.0
5089,2,4,3.0
5090,2,4,3.0
5091,2,3,4.0
5092,2,3,3.0
5093,2,4,3.0
5094,2,3,4.0
5095,2,3,3.0
5096,2,3,3.0
5097,2,3,3.0
5098,2,3,3.0
5099,2,3,5.0
5100,2,3,3.0
5101,2,3,4.0
5102,2,4,5.0
5103,2,4,5.0
5104,2,4,3.0
5105,2,4,3.0
5106,2,4,3.0
5107,2,3,3.0
5108,2,3,3.0
5109,2,3,3.0
5110,2,2,2.0
5111,2,4,3.0
5112,2,4,3.0
5113,2,4,3.0
5114,2,4,4.0
5115,2,4,4.0
5116,2,3,3.0
5117,2,4,3.0
5118,2,4,4.0
5119,2,3,3.0
5120,2,3,3.0
5121,2,5,3.0
5122,2,3,3.0
5123,2,3,4.0
5124,2,4,3.0
5125,2,4,3.0
5126,2,3,3.0
5127,2,3,3.0
5128,2,3,3.0
5129,2,3,2.0
5130,2,3,3.0
5131,2,4,3.0
5132,2,3,3.0
5133,2,3,3.0
5134,2,3,3.0
5135,2,4,3.0
5136,2,4,3.0
5137,2,4,4.0
5138,2,3,3.0
5139,2,3,4.0
5140,2,4,2.0
5141,2,4,4.0
5142,2,3,4.0
5143,2,4,4.0
5144,2,4,4.0
5145,2,3,3.0
5146,2,4,3.0
5147,2,3,2.0
5148,2,4,4.0
5149,2,3,4.0
5150,2,2,3.0
5151,2,4,3.0
5152,2,4,4.0
5153,2,3,3.0
5154,2,4,3.0
5155,2,3,3.0
5156,2,2,2.0
5157,2,3,3.0
5158,2,4,3.0
5159,2,3,3.0
5160,2,2,3.0
5161,2,3,3.0
5162,2,4,3.0
5163,2,3,3.0
5164,2,3,4.0
5165,2,3,5.0
5166,2,2,3.0
5167,2,3,4.0
5168,2,4,5.0
5169,2,3,5.0
5170,2,2,3.0
5171,2,2,3.0
5172,2,2,3.0
5173,2,3,3.0
5174,2,3,3.0
5175,2,2,4.0
5176,2,3,3.0
5177,2,4,3.0
5178,2,3,3.0
5179,2,4,3.0
5180,2,4,3.0
5181,2,2,9.0
5182,2,3,3.0
5183,2,4,3.0
5184,2,4,2.0
5185,2,5,4.0
5186,2,4,3.0
5187,2,3,4.0
5188,2,3,2.0
5189,2,3,4.0
5190,2,3,3.0
5191,2,3,4.0
5192,2,3,3.0
5193,2,3,3.0
5194,2,4,3.0
5195,2,3,3.0
5196,2,4,3.0
5197,2,4,5.0
5198,2,3,3.0
5199,2,4,3.0
5200,2,3,3.0
5201,2,4,3.0
5202,2,4,3.0
5203,2,2,4.0
5204,2,3,4.0
5205,2,3,3.0
5206,2,3,3.0
5207,2,3,2.0
5208,2,3,3.0
5209,2,4,4.0
5210,2,5,5.0
5211,2,3,6.0
5212,2,4,3.0
5213,2,3,3.0
5214,2,4,2.0
5215,2,3,3.0
5216,2,4,3.0
5217,2,3,3.0
5218,2,4,3.0
5219,2,4,3.0
5220,2,3,3.0
5221,2,3,3.0
5222,2,4,3.0
5223,2,4,3.0
5224,2,4,3.0
5225,2,3,3.0
5226,2,4,4.0
5227,2,3,3.0
5228,2,4,3.0
5229,2,4,3.0
5230,2,3,4.0
5231,2,4,3.0
5232,2,3,3.0
5233,2,3,3.0
5234,2,4,4.0
5235,2,4,2.0
5236,2,1,3.0
5237,2,3,3.0
5238,2,3,2.0
5239,2,2,2.0
5240,2,3,4.0
5241,2,4,3.0
5242,2,3,4.0
5243,2,4,3.0
5244,2,4,3.0
5245,2,3,4.0
5246,2,4,3.0
5247,2,5,4.0
5248,2,3,3.0
5249,2,4,3.0
5250,2,3,3.0
5251,2,4,4.0
5252,2,3,3.0
5253,2,4,5.0
5254,2,3,4.0
5255,2,3,3.0
5256,2,4,3.0
5257,2,3,3.0
5258,2,3,3.0
5259,2,4,3.0
5260,2,4,3.0
5261,2,4,5.0
5262,2,2,3.0
5263,2,4,3.0
5264,2,2,3.0
5265,2,3,3.0
5266,2,3,3.0
5267,2,4,4.0
5268,2,3,4.0
5269,2,4,3.0
5270,2,3,4.0
5271,2,4,3.0
5272,2,3,3.0
5273,2,3,3.0
5274,2,4,3.0
5275,2,3,3.0
5276,2,4,5.0
5277,2,3,3.0
5278,2,4,4.0
5279,2,3,3.0
5280,2,3,3.0
5281,2,4,3.0
5282,2,4,4.0
5283,2,3,4.0
5284,2,4,3.0
5285,2,3,3.0
5286,2,4,5.0
5287,2,2,3.0
5288,2,4,3.0
5289,2,3,3.0
5290,2,2,3.0
5291,2,3,3.0
5292,2,3,3.0
5293,2,4,3.0
5294,2,4,4.0
5295,2,3,3.0
5296,2,3,3.0
5297,2,4,3.0
5298,2,3,4.0
5299,2,3,3.0
5300,2,4,3.0
5301,2,3,3.0
5302,2,4,4.0
5303,2,3,3.0
5304,2,3,3.0
5305,2,4,4.0
5306,2,5,3.0
5307,2,3,3.0
5308,2,4,3.0
5309,2,4,4.0
5310,2,4,3.0
5311,2,4,3.0
5312,2,3,2.0
5313,2,3,3.0
5314,2,4,2.0
5315,2,4,3.0
5316,2,3,3.0
5317,2,3,3.0
5318,2,3,4.0
5319,2,4,4.0
5320,2,3,4.0
5321,2,4,3.0
5322,2,3,2.0
5323,2,3,3.0
5324,2,3,3.0
5325,2,4,3.0
5326,2,3,3.0
5327,2,3,3.0
5328,2,3,3.0
5329,2,4,4.0
5330,2,3,3.0
5331,2,4,4.0
5332,2,4,3.0
5333,2,3,3.0
5334,2,4,4.0
5335,2,2,2.0
5336,2,4,3.0
5337,2,4,4.0
5338,2,4,4.0
5339,2,3,3.0
5340,2,4,3.0
5341,2,4,3.0
5342,2,3,3.0
5343,2,4,3.0
5344,2,4,3.0
5345,2,3,3.0
5346,2,4,3.0
5347,2,4,3.0
5348,2,5,4.0
5349,2,3,3.0
5350,2,4,3.0
5351,2,3,3.0
5352,2,4,3.0
5353,2,3,3.0
5354,2,3,3.0
5355,2,3,3.0
5356,2,3,3.0
5357,2,2,4.0
5358,2,3,3.0
5359,2,4,3.0
5360,2,3,4.0
5361,2,3,3.0
5362,2,3,3.0
5363,2,3,3.0
5364,2,3,2.0
5365,2,3,5.0
5366,2,3,3.0
5367,2,3,3.0
5368,2,4,4.0
5369,2,4,4.0
5370,2,3,3.0
5371,2,2,5.0
5372,2,4,3.0
5373,2,4,3.0
5374,2,4,4.0
5375,2,3,3.0
5376,2,3,3.0
5377,2,3,3.0
7709,3,1,2.0
7710,3,1,2.0
7711,3,1,2.0
7712,3,3,2.0
7713,3,2,2.0
7714,3,2,2.0
7715,3,3,2.0
7716,3,3,3.0
7717,3,2,2.0
7718,3,2,2.0
7719,3,1,2.0
7720,3,1,2.0
7721,3,1,2.0
7722,3,2,2.0
7723,3,2,2.0
7724,3,2,2.0
7725,3,2,2.0
7726,3,2,2.0
7727,3,2,2.0
7728,3,1,2.0
7729,3,2,2.0
7730,3,3,2.0
7731,3,3,8.0
7732,3,2,2.0
7733,3,2,2.0
7734,3,2,2.0
7735,3,3,2.0
7736,3,3,2.0
7737,3,3,2.0
7738,3,2,2.0
7739,3,1,2.0
7740,3,2,2.0
7741,3,2,2.0
7742,3,1,2.0
7743,3,1,2.0
7744,3,2,2.0
7745,3,3,2.0
7746,3,1,2.0
7747,3,2,2.0
7748,3,2,2.0
7749,3,3,2.0
7750,3,2,2.0
7751,3,3,2.0
7752,3,2,2.0
7753,3,1,3.0
7754,3,3,2.0
7755,3,3,2.0
7756,3,2,2.0
7757,3,2,2.0
7758,3,3,2.0
7759,3,1,2.0
7760,3,1,2.0
7761,3,2,2.0
7762,3,3,2.0
7763,3,3,2.0
7764,3,2,2.0
7765,3,2,2.0
7766,3,2,2.0
7767,3,2,2.0
7768,3,3,2.0
7769,3,2,2.0
7770,3,2,2.0
7771,3,3,2.0
7772,3,1,2.0
7773,3,2,2.0
7774,3,3,2.0
7775,3,2,2.0
7776,3,1,2.0
7777,3,1,2.0
7778,3,2,2.0
7779,3,1,2.0
7780,3,2,2.0
7781,3,2,2.0
7782,3,2,2.0
7783,3,3,2.0
7784,3,3,2.0
7785,3,1,2.0
7786,3,2,2.0
7787,3,1,2.0
7788,3,1,2.0
7789,3,2,2.0
7790,3,1,2.0
7791,3,3,2.0
7792,3,1,2.0
7793,3,1,2.0
7794,3,2,2.0
7795,3,2,2.0
7797,3,2,2.0
7798,3,3,2.0
7799,3,2,2.0
7800,3,2,2.0
7801,3,2,2.0
7802,3,2,2.0
7803,3,1,2.0
7804,3,2,3.0
7805,3,2,2.0
7806,3,1,2.0
7807,3,3,2.0
7808,3,3,2.0
7809,3,1,2.0
7810,3,2,2.0
7811,3,3,2.0
7812,3,2,2.0
7813,3,1,25.0
7814,3,2,2.0
7815,3,3,2.0
7816,3,2,2.0
7817,3,2,2.0
7818,3,1,2.0
7819,3,2,2.0
7820,3,1,2.0
7821,3,3,2.0
7822,3,2,2.0
7823,3,2,2.0
7824,3,1,2.0
7825,3,1,2.0
7826,3,2,2.0
7827,3,2,2.0
7828,3,1,2.0
7829,3,2,2.0
7830,3,3,2.0
7831,3,3,2.0
7832,3,2,2.0
7833,3,1,2.0
7834,3,2,2.0
7835,3,3,2.0
7836,3,1,2.0
7837,3,1,2.0
7838,3,3,2.0
7839,3,1,2.0
7840,3,3,2.0
7841,3,2,2.0
7842,3,1,2.0
7843,3,2,2.0
7844,3,3,2.0
7845,3,3,2.0
7846,3,1,2.0
7847,3,3,2.0
7848,3,1,2.0
7849,3,0,2.0
7850,3,3,2.0
7851,3,3,2.0
7852,3,2,2.0
7853,3,2,2.0
7854,3,2,2.0
7855,3,3,2.0
7856,3,2,2.0
7857,3,1,2.0
7858,3,2,2.0
7859,3,3,2.0
7860,3,1,2.0
7861,3,3,2.0
7862,3,1,2.0
7863,3,1,35.0
7864,3,1,2.0
7865,3,3,2.0
7866,3,2,2.0
7867,3,2,2.0
7868,3,2,2.0
7869,3,2,2.0
7870,3,1,2.0
7871,3,3,2.0
7872,3,1,2.0
7873,3,2,2.0
7874,3,2,2.0
7875,3,3,2.0
7876,3,3,2.0
7877,3,2,2.0
7878,3,3,2.0
7879,3,1,2.0
7880,3,1,2.0
7881,3,1,2.0
7883,3,2,2.0
7884,3,2,2.0
7885,3,1,2.0
7886,3,2,2.0
7887,3,2,2.0
7888,3,3,2.0
7889,3,3,2.0
7890,3,1,2.0
7891,3,3,2.0
7892,3,1,2.0
7893,3,1,2.0
7894,3,2,2.0
7895,3,2,2.0
7896,3,3,2.0
7897,3,3,2.0
7898,3,1,2.0
7899,3,1,2.0
7900,3,2,2.0
7901,3,3,2.0
7902,3,2,2.0
7903,3,2,3.0
7904,3,2,2.0
7905,3,0,2.0
7906,3,2,2.0
7907,3,1,2.0
7908,3,3,2.0
7909,3,2,3.0
7910,3,2,2.0
7911,3,3,2.0
7912,3,1,2.0
7913,3,2,2.0
7914,3,1,2.0
7915,3,2,2.0
7916,3,1,2.0
7917,3,1,2.0
7918,3,3,2.0
7919,3,1,2.0
7920,3,3,2.0
7921,3,2,2.0
7922,3,2,2.0
7923,3,1,2.0
7924,3,1,2.0
7925,3,2,2.0
7926,3,1,2.0
7927,3,3,2.0
7928,3,1,2.0
7929,3,2,2.0
7930,3,3,2.0
7931,3,2,2.0
7932,3,2,2.0
7933,3,1,2.0
7934,3,3,2.0
7935,3,1,2.0
7936,3,3,2.0
7937,3,2,2.0
7938,3,1,2.0
7939,3,3,2.0
7940,3,2,2.0
7941,3,2,2.0
7942,3,3,2.0
7943,3,3,2.0
7944,3,2,2.0
7945,3,2,2.0
7946,3,2,2.0
7947,3,1,2.0
7948,3,2,2.0
7950,3,2,2.0
7951,3,2,2.0
7952,3,2,2.0
7953,3,3,2.0
7954,3,1,2.0
7955,3,2,2.0
7956,3,2,2.0
7957,3,3,2.0
7958,3,3,2.0
7959,3,2,2.0
7960,3,3,2.0
7961,3,2,2.0
7962,3,3,2.0
7963,3,2,2.0
7964,3,1,2.0
7965,3,2,2.0
7966,3,2,2.0
7967,3,1,2.0
7968,3,3,2.0
7969,3,2,2.0
7970,3,1,2.0
7971,3,1,2.0
7972,3,2,2.0
7973,3,3,2.0
7974,3,2,2.0
7975,3,3,2.0
7976,3,1,2.0
7977,3,3,2.0
7978,3,3,2.0
7979,3,3,2.0
7980,3,2,2.0
7981,3,2,2.0
7982,3,2,2.0
7983,3,3,2.0
7984,3,1,2.0
7985,3,1,2.0
7986,3,3,2.0
7987,3,1,2.0
7988,3,1,2.0
7989,3,2,2.0
7990,3,3,2.0
7991,3,1,2.0
7992,3,3,2.0
7993,3,1,2.0
7994,3,1,2.0
7995,3,2,2.0
7996,3,1,2.0
7997,3,3,2.0
7998,3,1,2.0
7999,3,2,2.0
8000,3,2,2.0
8001,3,3,2.0
8002,3,2,2.0
8003,3,2,2.0
8004,3,2,2.0
8005,3,3,2.0
8006,3,1,2.0
8007,3,1,2.0
8008,3,2,2.0
8009,3,2,2.0
8010,3,2,2.0
8011,3,3,2.0
8012,3,2,2.0
8013,3,1,2.0
8014,3,2,2.0
8015,3,1,2.0
8016,3,1,2.0
8017,3,2,2.0
8018,3,2,2.0
8019,3,1,2.0
8020,3,2,2.0
8021,3,2,2.0
8022,3,2,2.0
8023,3,3,2.0
8024,3,1,2.0
8025,3,1,2.0
8026,3,2,2.0
8027,3,2,2.0
8028,3,2,2.0
8029,3,2,2.0
8030,3,2,2.0
8031,3,2,2.0
8032,3,2,2.0
8033,3,1,2.0
8034,3,2,2.0
8035,3,3,2.0
8036,3,1,2.0
8037,3,2,2.0
8038,3,1,2.0
8039,3,2,2.0
8040,3,3,2.0
8041,3,3,2.0
8042,3,2,2.0
8044,3,2,2.0
8045,3,1,2.0
8046,3,1,2.0
8047,3,1,2.0
8048,3,2,2.0
8049,3,1,2.0
8050,3,2,2.0
8051,3,2,2.0
8052,3,3,2.0
8053,3,2,2.0
8054,3,3,2.0
8055,3,2,2.0
8056,3,1,2.0
8057,3,1,2.0
8058,3,2,2.0
8059,3,1,2.0
8060,3,2,2.0
8061,3,2,2.0
8062,3,3,2.0
8063,3,1,2.0
8064,3,2,2.0
8065,3,2,2.0
8066,3,3,2.0
8067,3,1,2.0
8068,3,2,2.0
8069,3,1,2.0
8070,3,3,2.0
8071,3,1,2.0
8072,3,1,2.0
8073,3,3,2.0
8074,3,3,2.0
8075,3,1,2.0
8077,3,2,2.0
8078,3,2,2.0
8079,3,1,2.0
8080,3,2,2.0
8081,3,1,2.0
8082,3,1,2.0
8083,3,1,2.0
8084,3,3,2.0
8085,3,2,2.0
8086,3,2,2.0
8087,3,1,2.0
8088,3,2,2.0
8089,3,3,2.0
8090,3,2,2.0
8091,3,3,8.0
8092,3,3,2.0
8093,3,1,2.0
8094,3,2,2.0
8095,3,2,2.0
8096,3,3,2.0
8097,3,1,2.0
8098,3,2,2.0
8099,3,1,2.0
8100,3,3,2.0
8101,3,2,2.0
8102,3,3,2.0
8103,3,2,2.0
8104,3,3,2.0
8105,3,1,2.0
8106,3,1,2.0
8107,3,2,2.0
8108,3,2,2.0
8109,3,3,2.0
8110,3,2,2.0
8111,3,3,2.0
8112,3,1,2.0
8113,3,3,2.0
8114,3,1,2.0
8115,3,1,2.0
8116,3,2,2.0
8117,3,2,2.0
8118,3,1,2.0
8119,3,0,2.0
8120,3,1,2.0
8121,3,1,2.0
8122,3,1,2.0
8123,3,1,2.0
8124,3,1,2.0
8125,3,3,2.0
8126,3,2,2.0
8127,3,2,2.0
8128,3,2,2.0
8129,3,3,2.0
8130,3,2,2.0
8131,3,2,2.0
8132,3,2,2.0
8133,3,1,1.0
8134,3,1,2.0
8135,3,2,2.0
8136,3,3,2.0
8137,3,1,2.0
8138,3,2,2.0
8139,3,2,2.0
8140,3,2,2.0
8141,3,2,2.0
8142,3,2,2.0
8143,3,3,2.0
8144,3,3,2.0
8145,3,2,2.0
8146,3,3,2.0
8147,3,3,2.0
8148,3,3,2.0
8149,3,2,2.0
8150,3,2,2.0
8151,3,0,2.0
8152,3,2,2.0
8153,3,2,2.0
8154,3,1,2.0
8155,3,2,2.0
8156,3,2,2.0
8157,3,1,2.0
8158,3,3,2.0
8159,3,0,2.0
8160,3,1,2.0
8161,3,2,2.0
8162,3,2,2.0
8163,3,1,2.0
8164,3,1,2.0
8165,3,2,2.0
8166,3,1,2.0
8167,3,2,2.0
8168,3,3,2.0
8169,3,1,2.0
8170,3,2,2.0
8171,3,2,2.0
8172,3,3,2.0
8173,3,1,2.0
8174,3,1,2.0
8175,3,2,2.0
8176,3,2,2.0
8177,3,3,2.0
8178,3,2,2.0
8179,3,2,2.0
8180,3,2,2.0
8181,3,3,2.0
8182,3,1,2.0
8184,3,3,2.0
8185,3,3,2.0
8186,3,2,2.0
8187,3,3,2.0
8188,3,2,2.0
8189,3,3,2.0
8191,3,1,2.0
8192,3,2,2.0
8193,3,1,2.0
8194,3,2,2.0
8195,3,1,2.0
8196,3,2,2.0
8197,3,2,2.0
8198,3,2,2.0
8199,3,2,2.0
8200,3,2,2.0
8201,3,1,2.0
8202,3,1,2.0
8203,3,3,2.0
8204,3,1,4.0
8205,3,2,2.0
8206,3,2,2.0
8207,3,1,2.0
8208,3,2,2.0
8209,3,1,2.0
8210,3,3,2.0
8211,3,1,2.0
8212,3,3,2.0
8213,3,2,2.0
8214,3,3,2.0
8215,3,1,2.0
8216,3,3,2.0
8217,3,2,2.0
8218,3,2,2.0
8219,3,1,2.0
8220,3,1,2.0
8221,3,3,2.0
8222,3,3,2.0
8223,3,2,2.0
8224,3,1,2.0
8225,3,2,2.0
8226,3,1,5.0
8227,3,1,2.0
8228,3,1,2.0
8229,3,1,2.0
8230,3,3,2.0
8231,3,3,2.0
8232,3,3,2.0
8233,3,2,2.0
8234,3,3,2.0
8235,3,2,2.0
8236,3,3,2.0
8237,3,2,2.0
8238,3,2,2.0
8239,3,2,2.0
8240,3,1,2.0
8241,3,1,2.0
8242,3,3,2.0
8243,3,1,2.0
8244,3,2,2.0
8245,3,2,2.0
8246,3,2,2.0
8247,3,3,2.0
8248,3,1,5.0
8249,3,2,2.0
8250,3,3,2.0
8251,3,1,2.0
8252,3,1,2.0
8253,3,3,2.0
8254,3,2,2.0
8255,3,3,2.0
8256,3,1,2.0
8257,3,2,2.0
8258,3,1,2.0
8259,3,2,2.0
8260,3,3,2.0
8261,3,2,2.0
8262,3,3,2.0
8263,3,1,2.0
8264,3,1,2.0
8265,3,2,2.0
8266,3,3,2.0
8267,3,2,2.0
8268,3,1,2.0
8269,3,3,2.0
8270,3,1,2.0
8271,3,1,2.0
8272,3,2,2.0
8273,3,2,2.0
8274,3,1,2.0
8275,3,3,2.0
8276,3,2,2.0
8277,3,2,2.0
8279,3,3,2.0
8280,3,2,2.0
8281,3,2,2.0
8282,3,3,2.0
8283,3,3,2.0
8284,3,1,2.0
10643,4,3,2.0
10644,4,1,2.0
10645,4,2,2.0
10646,4,2,2.0
10647,4,3,2.0
10648,4,1,2.0
10649,4,2,2.0
10650,4,1,2.0
10651,4,1,2.0
10652,4,1,2.0
10653,4,2,2.0
10654,4,2,2.0
10655,4,1,2.0
10656,4,1,2.0
10657,4,2,2.0
10658,4,3,2.0
10659,4,1,2.0
10660,4,3,2.0
10661,4,3,2.0
10662,4,1,2.0
10663,4,1,2.0
10664,4,1,2.0
10665,4,0,2.0
10666,4,1,2.0
10667,4,0,2.0
10668,4,0,2.0
10669,4,1,2.0
10670,4,3,2.0
10671,4,2,2.0
10672,4,1,2.0
10673,4,1,2.0
10674,4,1,2.0
10675,4,2,2.0
10676,4,2,2.0
10677,4,3,2.0
10678,4,1,2.0
10679,4,2,2.0
10680,4,2,4.0
10681,4,2,2.0
10682,4,0,2.0
10683,4,2,2.0
10684,4,1,2.0
10685,4,0,2.0
10686,4,1,2.0
10687,4,1,2.0
10688,4,1,2.0
10689,4,1,2.0
10690,4,2,2.0
10691,4,2,2.0
10692,4,2,2.0
10693,4,1,2.0
10694,4,1,2.0
10695,4,3,2.0
10696,4,2,2.0
10697,4,1,2.0
10698,4,2,2.0
10699,4,2,2.0
10700,4,1,2.0
10701,4,1,2.0
10702,4,1,2.0
10703,4,2,2.0
10704,4,2,2.0
10705,4,0,2.0
10706,4,1,2.0
10707,4,2,2.0
10708,4,1,2.0
10709,4,0,2.0
10710,4,1,2.0
10711,4,0,2.0
10712,4,3,2.0
10713,4,0,2.0
10714,4,0,2.0
10715,4,1,2.0
10716,4,1,2.0
10717,4,1,2.0
10718,4,2,2.0
10719,4,2,2.0
10720,4,2,2.0
10721,4,2,2.0
10722,4,1,2.0
10723,4,2,2.0
10724,4,1,2.0
10725,4,1,2.0
10726,4,1,2.0
10727,4,2,2.0
10728,4,1,2.0
10729,4,0,2.0
10730,4,3,2.0
10731,4,2,2.0
10732,4,2,2.0
10733,4,3,2.0
10734,4,0,2.0
10735,4,1,2.0
10736,4,2,2.0
10737,4,1,2.0
10738,4,1,2.0
10739,4,1,2.0
10740,4,1,2.0
10741,4,3,2.0
10742,4,1,2.0
10743,4,1,2.0
10744,4,0,2.0
10745,4,2,2.0
10746,4,2,2.0
10747,4,1,2.0
10748,4,2,2.0
10749,4,1,2.0
10750,4,1,2.0
10751,4,1,2.0
10752,4,1,2.0
10753,4,1,2.0
10754,4,2,2.0
10755,4,2,2.0
10756,4,0,2.0
10757,4,0,2.0
10758,4,0,2.0
10759,4,2,2.0
10760,4,1,2.0
10761,4,1,2.0
10762,4,0,2.0
10763,4,2,2.0
10764,4,1,2.0
10765,4,1,2.0
10766,4,2,2.0
10767,4,0,2.0
10768,4,1,2.0
10769,4,3,2.0
10770,4,1,2.0
10771,4,3,2.0
10772,4,1,2.0
10773,4,2,2.0
10774,4,0,2.0
10775,4,1,2.0
10776,4,2,2.0
10777,4,2,2.0
10778,4,2,2.0
10779,4,1,2.0
10780,4,2,2.0
10781,4,3,2.0
10782,4,2,2.0
10783,4,1,2.0
10784,4,1,3.0
10785,4,2,2.0
10786,4,1,2.0
10787,4,1,2.0
10788,4,1,2.0
10789,4,2,2.0
10790,4,2,2.0
10791,4,2,2.0
10792,4,0,2.0
10793,4,2,2.0
10794,4,2,2.0
10795,4,2,2.0
10796,4,1,2.0
10797,4,1,2.0
10798,4,1,2.0
10799,4,1,2.0
10800,4,1,2.0
10801,4,3,2.0
10802,4,2,2.0
10803,4,2,2.0
10804,4,3,2.0
10805,4,0,2.0
10806,4,3,2.0
10807,4,1,2.0
10808,4,3,2.0
10809,4,2,2.0
10810,4,2,2.0
10811,4,1,2.0
10812,4,3,2.0
10813,4,3,2.0
10814,4,1,2.0
10815,4,1,2.0
10816,4,0,2.0
10817,4,3,2.0
10818,4,0,2.0
10819,4,1,2.0
10820,4,2,2.0
10821,4,3,2.0
10822,4,2,2.0
10823,4,0,2.0
10824,4,1,2.0
10825,4,2,2.0
10826,4,2,2.0
10827,4,2,2.0
10828,4,2,2.0
10829,4,3,2.0
10830,4,1,2.0
10831,4,1,2.0
10832,4,0,2.0
10833,4,1,2.0
10834,4,3,2.0
10835,4,2,2.0
10836,4,3,2.0
10837,4,1,2.0
10838,4,1,2.0
10839,4,2,2.0
10840,4,2,2.0
10841,4,2,2.0
10842,4,2,2.0
10843,4,3,2.0
10844,4,0,2.0
10845,4,2,2.0
10846,4,3,2.0
10847,4,1,2.0
10848,4,2,2.0
10849,4,1,2.0
10850,4,2,2.0
10851,4,1,2.0
10852,4,1,2.0
10853,4,1,2.0
10854,4,2,2.0
10855,4,1,2.0
10856,4,3,2.0
10857,4,2,2.0
10858,4,1,2.0
10859,4,1,2.0
10860,4,3,2.0
10861,4,3,2.0
10862,4,1,2.0
10863,4,3,2.0
10864,4,1,2.0
10866,4,3,2.0
10867,4,1,2.0
10868,4,1,2.0
10869,4,1,2.0
10870,4,3,2.0
10871,4,3,2.0
10872,4,2,2.0
10873,4,0,2.0
10874,4,3,2.0
10875,4,1,2.0
10876,4,3,2.0
10877,4,2,2.0
10878,4,0,2.0
10879,4,1,2.0
10880,4,1,2.0
10881,4,2,2.0
10882,4,1,2.0
10883,4,1,2.0
10884,4,2,2.0
10885,4,2,2.0
10886,4,1,2.0
10887,4,2,2.0
10888,4,2,2.0
10889,4,1,2.0
10890,4,3,2.0
10891,4,1,2.0
10892,4,0,2.0
10893,4,2,2.0
10894,4,1,2.0
10895,4,1,2.0
10896,4,2,2.0
10897,4,2,2.0
10898,4,3,2.0
10899,4,1,2.0
10900,4,2,2.0
10901,4,2,2.0
10902,4,1,2.0
10903,4,1,2.0
10904,4,2,2.0
10905,4,1,2.0
10906,4,1,2.0
10907,4,3,2.0
10908,4,0,2.0
10909,4,1,2.0
10910,4,2,2.0
10911,4,2,2.0
10912,4,1,2.0
10913,4,0,2.0
10914,4,1,2.0
10915,4,2,2.0
10916,4,2,2.0
10917,4,2,2.0
10918,4,2,2.0
10919,4,2,2.0
10920,4,1,2.0
10921,4,2,2.0
10922,4,1,2.0
10923,4,3,2.0
10924,4,1,2.0
10925,4,1,2.0
10926,4,1,2.0
10927,4,1,2.0
10928,4,1,2.0
10929,4,3,2.0
10930,4,3,2.0
10931,4,2,2.0
10932,4,1,2.0
10933,4,2,2.0
10934,4,1,2.0
10935,4,0,2.0
10936,4,1,2.0
10937,4,1,2.0
10938,4,1,2.0
10939,4,2,2.0
10940,4,1,2.0
10941,4,1,2.0
10942,4,2,2.0
10943,4,0,2.0
10944,4,2,2.0
10945,4,1,2.0
10946,4,2,2.0
10947,4,3,2.0
10948,4,1,2.0
10949,4,2,2.0
10950,4,2,2.0
10951,4,3,2.0
10952,4,1,2.0
10953,4,0,2.0
10954,4,1,2.0
10955,4,3,2.0
10956,4,2,2.0
10957,4,2,2.0
10958,4,1,2.0
10959,4,1,2.0
10960,4,2,2.0
10961,4,2,2.0
10962,4,2,2.0
10963,4,2,2.0
10964,4,2,2.0
10965,4,2,2.0
10966,4,1,2.0
10967,4,2,2.0
10968,4,2,2.0
10969,4,3,2.0
10970,4,2,2.0
10971,4,2,2.0
10972,4,1,2.0
10973,4,2,2.0
10974,4,3,2.0
10975,4,1,2.0
10976,4,2,2.0
10977,4,2,2.0
10978,4,1,2.0
10979,4,1,2.0
10980,4,2,2.0
10981,4,1,2.0
10982,4,3,2.0
10983,4,1,2.0
10984,4,1,2.0
10985,4,2,2.0
10986,4,2,2.0
10987,4,1,2.0
10988,4,2,2.0
10989,4,2,2.0
10990,4,2,2.0
10991,4,0,2.0
10992,4,2,2.0
10993,4,1,2.0
10994,4,1,2.0
10995,4,2,2.0
10996,4,1,2.0
10997,4,0,2.0
10998,4,1,2.0
10999,4,2,4.0
11000,4,2,2.0
11001,4,0,2.0
11002,4,2,2.0
11003,4,2,2.0
11004,4,2,2.0
11005,4,1,2.0
11006,4,3,2.0
11007,4,2,2.0
11008,4,3,2.0
11009,4,0,2.0
11010,4,1,2.0
11011,4,1,2.0
11012,4,3,2.0
11013,4,2,2.0
11014,4,1,2.0
11015,4,1,2.0
11016,4,2,2.0
11017,4,2,2.0
11018,4,1,2.0
11019,4,2,2.0
11020,4,0,2.0
11022,4,1,2.0
11023,4,1,2.0
11024,4,1,2.0
11025,4,2,2.0
11026,4,1,2.0
11027,4,1,2.0
11028,4,3,2.0
11030,4,2,2.0
11031,4,2,2.0
11032,4,3,2.0
11033,4,1,2.0
11034,4,3,2.0
11035,4,2,2.0
11036,4,2,3.0
11037,4,1,2.0
11038,4,0,2.0
11039,4,1,1.0
11040,4,1,2.0
11041,4,0,2.0
11042,4,2,2.0
11043,4,1,2.0
11044,4,0,2.0
11045,4,0,2.0
11046,4,0,2.0
11047,4,2,2.0
11048,4,1,2.0
11049,4,1,2.0
11050,4,2,2.0
11051,4,2,2.0
11052,4,2,2.0
11053,4,2,2.0
11054,4,1,2.0
11055,4,1,2.0
11056,4,1,18.0
11057,4,3,2.0
11058,4,3,2.0
11059,4,3,2.0
11060,4,2,4.0
11061,4,1,2.0
11062,4,2,2.0
11063,4,1,2.0
11064,4,2,2.0
11065,4,1,4.0
11066,4,3,2.0
11067,4,1,2.0
11068,4,0,2.0
11069,4,2,2.0
11070,4,1,2.0
11071,4,1,2.0
11072,4,2,2.0
11073,4,1,2.0
11074,4,2,2.0
11075,4,1,2.0
11076,4,1,2.0
11077,4,2,2.0
11078,4,2,2.0
11079,4,1,2.0
11080,4,2,2.0
11081,4,1,2.0
11082,4,1,3.0
11083,4,0,2.0
11084,4,1,2.0
11085,4,0,2.0
11086,4,1,2.0
11087,4,0,2.0
11088,4,1,2.0
11089,4,0,22.0
11090,4,3,2.0
11091,4,2,2.0
11092,4,3,2.0
11093,4,1,2.0
11094,4,2,2.0
11095,4,1,2.0
11096,4,2,15.0
11097,4,2,2.0
11098,4,2,2.0
11099,4,1,2.0
11100,4,2,2.0
11101,4,2,2.0
11102,4,2,2.0
11103,4,2,2.0
11104,4,2,2.0
11105,4,2,2.0
11106,4,2,2.0
11107,4,1,2.0
11108,4,0,2.0
11109,4,1,2.0
11110,4,1,2.0
11111,4,0,2.0
11112,4,2,2.0
11113,4,1,2.0
11114,4,3,2.0
11115,4,2,2.0
11116,4,2,2.0
11117,4,1,2.0
11118,4,1,2.0
11119,4,0,2.0
11120,4,3,2.0
11121,4,3,2.0
11122,4,2,2.0
11123,4,2,2.0
11124,4,3,2.0
11125,4,1,4.0
11126,4,1,2.0
11127,4,1,2.0
11128,4,1,2.0
11129,4,1,2.0
11130,4,1,2.0
11131,4,0,2.0
11132,4,2,2.0
11133,4,3,2.0
11134,4,0,2.0
11135,4,0,2.0
11136,4,1,2.0
11137,4,2,2.0
11138,4,2,2.0
11139,4,1,2.0
11140,4,2,2.0
11141,4,1,2.0
11142,4,3,2.0
11143,4,3,2.0
11144,4,2,2.0
11145,4,2,2.0
11146,4,0,2.0
11147,4,2,2.0
11148,4,1,2.0
11149,4,2,2.0
11150,4,1,2.0
11151,4,1,2.0
11152,4,2,2.0
11153,4,2,2.0
11154,4,2,2.0
11155,4,2,2.0
11156,4,2,2.0
11157,4,0,2.0
11158,4,2,2.0
11159,4,3,2.0
11160,4,2,2.0
11161,4,1,2.0
11162,4,3,2.0
11163,4,3,2.0
11164,4,2,2.0
11165,4,2,2.0
11166,4,1,2.0
11168,4,2,2.0
11169,4,2,2.0
11170,4,1,2.0
11171,4,2,2.0
11172,4,3,2.0
11173,4,0,2.0
11174,4,1,2.0
11175,4,2,2.0
11176,4,2,2.0
11177,4,1,2.0
11178,4,2,2.0
11179,4,1,2.0
11180,4,0,2.0
11181,4,1,2.0
11183,4,3,2.0
11184,4,2,2.0
11185,4,1,2.0
11186,4,2,2.0
11187,4,1,2.0
11188,4,0,2.0
11189,4,1,2.0
11190,4,2,2.0
11191,4,1,2.0
11192,4,2,2.0
11193,4,2,2.0
11194,4,2,2.0
11195,4,1,2.0
11196,4,1,2.0
11197,4,3,2.0
11198,4,2,2.0
11199,4,2,2.0
11200,4,1,2.0
11201,4,2,2.0
11203,4,2,2.0
11204,4,2,2.0
11205,4,1,2.0
11206,4,3,2.0
11207,4,1,2.0
11208,4,2,2.0
11209,4,0,2.0
11210,4,2,2.0
11211,4,1,2.0
11212,4,2,2.0
11213,4,2,2.0
11214,4,2,2.0
11215,4,0,2.0
11216,4,1,2.0
11217,4,1,2.0
11218,4,0,2.0
11219,4,1,2.0
11220,4,1,2.0
11221,4,2,2.0
11222,4,2,2.0
11223,4,1,2.0
11224,4,3,2.0
11225,4,0,3.0
11226,4,1,2.0
11227,4,1,2.0
11228,4,1,2.0
11229,4,1,2.0
11230,4,3,2.0
11231,4,0,2.0
11232,4,0,2.0
11233,4,2,2.0
11234,4,0,2.0
13632,5,3,3.0
13633,5,4,2.0
13634,5,2,2.0
13635,5,1,3.0
13636,5,1,2.0
13637,5,1,2.0
13638,5,3,3.0
13639,5,4,2.0
13640,5,2,2.0
13641,5,3,2.0
13642,5,2,2.0
13643,5,2,2.0
13644,5,2,2.0
13645,5,4,3.0
13646,5,2,2.0
13647,5,2,2.0
13648,5,4,3.0
13649,5,3,3.0
13650,5,3,2.0
13651,5,1,2.0
13652,5,3,3.0
13653,5,1,7.0
13654,5,2,3.0
13655,5,3,3.0
13656,5,2,3.0
13657,5,1,2.0
13658,5,4,3.0
13659,5,3,2.0
13660,5,4,2.0
13661,5,3,3.0
13662,5,1,2.0
13663,5,3,3.0
13664,5,2,2.0
13665,5,3,2.0
13666,5,4,3.0
13667,5,3,3.0
13668,5,2,2.0
13669,5,4,2.0
13670,5,3,2.0
13671,5,3,2.0
13672,5,2,3.0
13673,5,2,2.0
13674,5,2,2.0
13675,5,1,2.0
13676,5,4,3.0
13677,5,4,2.0
13678,5,2,2.0
13679,5,2,2.0
13680,5,2,2.0
13681,5,2,2.0
13682,5,2,2.0
13683,5,3,5.0
13684,5,3,2.0
13685,5,2,3.0
13686,5,3,2.0
13687,5,2,3.0
13688,5,3,2.0
13689,5,4,2.0
13690,5,2,2.0
13691,5,1,3.0
13692,5,4,2.0
13693,5,2,2.0
13694,5,4,3.0
13695,5,2,2.0
13696,5,1,3.0
13697,5,1,2.0
13698,5,2,2.0
13699,5,2,2.0
13700,5,3,2.0
13701,5,2,2.0
13702,5,4,3.0
13703,5,4,3.0
13704,5,2,2.0
13705,5,1,2.0
13706,5,2,3.0
13707,5,2,2.0
13708,5,2,2.0
13709,5,1,2.0
13710,5,3,3.0
13711,5,2,3.0
13712,5,2,2.0
13713,5,3,2.0
13714,5,2,3.0
13715,5,3,2.0
13716,5,1,3.0
13717,5,4,2.0
13718,5,1,2.0
13719,5,1,2.0
13720,5,2,3.0
13721,5,2,3.0
13722,5,2,2.0
13723,5,2,2.0
13724,5,4,3.0
13725,5,3,2.0
13726,5,4,3.0
13727,5,3,2.0
13728,5,4,2.0
13729,5,1,2.0
13730,5,3,3.0
13731,5,3,2.0
13732,5,4,3.0
13733,5,3,2.0
13734,5,1,2.0
13735,5,3,3.0
13736,5,3,2.0
13737,5,3,2.0
13738,5,2,2.0
13739,5,3,3.0
13740,5,3,2.0
13741,5,2,2.0
13742,5,2,2.0
13743,5,2,3.0
13744,5,3,3.0
13745,5,2,2.0
13746,5,3,2.0
13747,5,1,2.0
13748,5,2,3.0
13749,5,3,3.0
13750,5,2,2.0
13751,5,2,2.0
13752,5,2,3.0
13753,5,4,3.0
13754,5,4,3.0
13755,5,2,2.0
13756,5,2,2.0
13757,5,2,2.0
13758,5,1,2.0
13759,5,1,3.0
13760,5,1,2.0
13761,5,3,2.0
13762,5,2,2.0
13763,5,4,2.0
13764,5,3,2.0
13765,5,3,2.0
13766,5,3,2.0
13767,5,4,2.0
13768,5,4,2.0
13769,5,2,29.0
13770,5,3,3.0
13771,5,3,3.0
13772,5,2,3.0
13773,5,3,3.0
13774,5,3,3.0
13775,5,3,2.0
13776,5,2,2.0
13777,5,4,2.0
13778,5,4,2.0
13779,5,3,2.0
13780,5,4,2.0
13781,5,3,3.0
13782,5,2,3.0
13783,5,3,2.0
13784,5,2,2.0
13785,5,4,2.0
13786,5,2,2.0
13787,5,2,2.0
13788,5,3,3.0
13789,5,2,3.0
13790,5,4,2.0
13791,5,2,2.0
13792,5,2,2.0
13793,5,1,2.0
13794,5,2,2.0
13795,5,4,2.0
13796,5,4,3.0
13797,5,1,2.0
13798,5,4,2.0
13799,5,2,2.0
13800,5,3,3.0
13801,5,2,3.0
13802,5,2,2.0
13803,5,2,2.0
13804,5,2,3.0
13805,5,3,2.0
13806,5,1,2.0
13807,5,3,2.0
13808,5,3,2.0
13809,5,2,2.0
13810,5,4,3.0
13811,5,2,2.0
13812,5,3,3.0
13813,5,4,2.0
13814,5,2,3.0
13815,5,4,2.0
13816,5,3,2.0
13817,5,3,3.0
13818,5,2,2.0
13819,5,3,3.0
13820,5,1,3.0
13821,5,2,2.0
13822,5,3,3.0
13823,5,2,2.0
13824,5,2,3.0
13825,5,1,2.0
13826,5,4,2.0
13827,5,2,2.0
13828,5,2,2.0
13829,5,2,2.0
13830,5,1,2.0
13831,5,2,2.0
13832,5,4,2.0
13833,5,2,2.0
13834,5,2,2.0
13835,5,3,3.0
13836,5,2,3.0
13837,5,3,3.0
13838,5,2,2.0
13839,5,1,2.0
13840,5,3,2.0
13841,5,2,2.0
13842,5,4,2.0
13843,5,3,2.0
13844,5,1,2.0
13845,5,3,2.0
13846,5,2,2.0
13847,5,4,3.0
13848,5,4,2.0
13849,5,3,2.0
13850,5,2,2.0
13851,5,3,2.0
13852,5,3,2.0
13853,5,3,2.0
13854,5,4,2.0
13855,5,2,3.0
13856,5,3,3.0
13857,5,2,2.0
13858,5,2,2.0
13859,5,2,2.0
13860,5,1,2.0
13861,5,2,3.0
13862,5,2,2.0
13863,5,1,2.0
13864,5,2,2.0
13865,5,2,3.0
13866,5,1,2.0
13867,5,3,2.0
13868,5,2,3.0
13869,5,3,3.0
13870,5,3,2.0
13871,5,2,2.0
13872,5,1,2.0
13873,5,2,2.0
13874,5,2,3.0
13875,5,3,2.0
13876,5,3,2.0
13877,5,2,3.0
13878,5,3,2.0
13879,5,2,3.0
13880,5,3,3.0
13881,5,2,2.0
13882,5,3,2.0
13883,5,3,2.0
13884,5,2,3.0
13885,5,2,3.0
13886,5,1,2.0
13887,5,4,2.0
13888,5,2,2.0
13889,5,2,2.0
13890,5,4,2.0
13891,5,2,2.0
13892,5,1,2.0
13893,5,2,2.0
13894,5,3,2.0
13895,5,1,2.0
13896,5,1,2.0
13897,5,2,2.0
13898,5,2,2.0
13899,5,1,2.0
13900,5,4,3.0
13901,5,3,2.0
13902,5,4,2.0
13903,5,2,2.0
13904,5,3,2.0
13905,5,2,3.0
13906,5,3,2.0
13907,5,3,2.0
13908,5,3,2.0
13909,5,2,2.0
13910,5,3,2.0
13911,5,1,2.0
13912,5,2,2.0
13913,5,4,2.0
13914,5,2,2.0
13915,5,3,2.0
13916,5,2,2.0
13917,5,3,2.0
13918,5,3,2.0
13919,5,3,2.0
13920,5,1,3.0
13921,5,4,3.0
13922,5,4,2.0
13923,5,3,2.0
13924,5,2,2.0
13925,5,2,2.0
13926,5,2,2.0
13927,5,2,3.0
13928,5,4,3.0
13929,5,3,2.0
13930,5,1,2.0
13931,5,1,2.0
13932,5,1,3.0
13933,5,3,2.0
13934,5,3,2.0
13935,5,4,2.0
13936,5,3,3.0
13937,5,2,2.0
13938,5,2,2.0
13939,5,2,2.0
13940,5,3,3.0
13941,5,2,2.0
13942,5,1,2.0
13943,5,2,2.0
13944,5,3,3.0
13945,5,4,2.0
13946,5,4,3.0
13947,5,2,2.0
13948,5,2,2.0
13949,5,2,3.0
13950,5,3,2.0
13951,5,2,3.0
13952,5,3,2.0
13953,5,3,2.0
13954,5,2,2.0
13955,5,3,2.0
13956,5,2,3.0
13957,5,2,2.0
13958,5,2,2.0
13959,5,4,3.0
13960,5,3,2.0
13961,5,4,3.0
13962,5,2,2.0
13963,5,2,3.0
13964,5,3,2.0
13965,5,2,3.0
13966,5,2,3.0
13967,5,1,2.0
13968,5,4,2.0
13969,5,3,3.0
13970,5,4,3.0
13971,5,1,2.0
13972,5,2,2.0
13973,5,1,2.0
13974,5,4,2.0
13975,5,2,3.0
13976,5,2,2.0
13977,5,4,2.0
13978,5,4,2.0
13979,5,3,2.0
13980,5,4,2.0
13981,5,4,2.0
13982,5,4,2.0
13983,5,2,2.0
13984,5,2,2.0
13985,5,2,3.0
13986,5,3,3.0
13987,5,3,2.0
13988,5,2,2.0
13989,5,3,3.0
13990,5,4,2.0
13991,5,3,2.0
13992,5,1,2.0
13993,5,3,2.0
13994,5,3,2.0
13995,5,4,3.0
13996,5,2,2.0
13997,5,2,3.0
13998,5,1,2.0
13999,5,2,2.0
14000,5,2,2.0
14001,5,2,2.0
14002,5,2,3.0
14003,5,2,2.0
14004,5,1,2.0
14005,5,2,2.0
14006,5,2,3.0
14007,5,2,2.0
14008,5,1,2.0
14009,5,2,3.0
14010,5,1,2.0
14011,5,3,2.0
14012,5,3,2.0
14013,5,1,2.0
14014,5,2,2.0
14015,5,2,3.0
14016,5,1,2.0
14017,5,1,2.0
14018,5,2,3.0
14019,5,1,2.0
14020,5,2,2.0
14021,5,4,2.0
14022,5,2,2.0
14023,5,2,2.0
14024,5,3,2.0
14025,5,3,2.0
14026,5,3,3.0
14027,5,4,3.0
14028,5,0,1.0
14029,5,3,2.0
14030,5,2,2.0
14031,5,3,3.0
14032,5,4,3.0
14033,5,3,2.0
14034,5,2,2.0
14035,5,3,3.0
14036,5,1,2.0
14037,5,2,2.0
14038,5,2,2.0
14039,5,1,2.0
14040,5,3,2.0
14041,5,3,2.0
14042,5,2,2.0
14043,5,2,2.0
14044,5,2,2.0
14045,5,4,3.0
14046,5,2,2.0
14047,5,3,2.0
14048,5,1,2.0
14049,5,4,2.0
14050,5,1,2.0
14051,5,3,2.0
14052,5,3,2.0
14053,5,3,3.0
14054,5,3,3.0
14055,5,3,3.0
14056,5,4,2.0
14057,5,3,2.0
14058,5,4,2.0
14059,5,2,2.0
14060,5,4,3.0
14061,5,4,3.0
14062,5,1,2.0
14063,5,3,3.0
14064,5,3,3.0
14065,5,1,2.0
14066,5,2,3.0
14067,5,3,2.0
14068,5,2,2.0
14069,5,2,2.0
14070,5,2,2.0
14071,5,4,3.0
14072,5,2,3.0
14073,5,2,2.0
14074,5,3,3.0
14075,5,3,2.0
14076,5,2,2.0
14077,5,1,2.0
14078,5,2,2.0
14079,5,2,2.0
14080,5,3,2.0
14081,5,4,2.0
14082,5,1,2.0
14083,5,2,2.0
14084,5,3,3.0
14085,5,2,2.0
14086,5,2,2.0
14087,5,1,17.0
14088,5,2,2.0
14089,5,3,2.0
14090,5,3,2.0
14091,5,1,2.0
14092,5,1,3.0
14093,5,4,3.0
14094,5,3,2.0
14095,5,4,3.0
14096,5,2,2.0
14097,5,1,2.0
14098,5,3,2.0
14099,5,4,3.0
14100,5,2,2.0
14101,5,2,2.0
14102,5,4,2.0
14103,5,3,3.0
14104,5,2,2.0
14105,5,3,2.0
14106,5,3,2.0
14107,5,3,2.0
14108,5,1,2.0
14109,5,2,2.0
14110,5,3,3.0
14111,5,3,2.0
14112,5,4,2.0
14113,5,4,2.0
14114,5,4,2.0
14115,5,2,2.0
14116,5,2,2.0
14117,5,4,3.0
14118,5,2,2.0
14119,5,3,2.0
14120,5,4,2.0
14121,5,2,2.0
14122,5,2,3.0
14123,5,4,2.0
14124,5,3,3.0
14125,5,1,2.0
14126,5,3,2.0
14127,5,2,2.0
14128,5,2,3.0
14129,5,4,2.0
14130,5,2,2.0
14131,5,4,2.0
14132,5,2,2.0
14133,5,2,2.0
14134,5,2,2.0
14135,5,3,2.0
14136,5,2,2.0
14137,5,2,3.0
14138,5,2,3.0
14139,5,3,2.0
14140,5,1,2.0
14141,5,3,2.0
14142,5,2,2.0
14143,5,2,2.0
14144,5,4,2.0
14145,5,3,2.0
14146,5,2,3.0
14147,5,2,2.0
14148,5,2,2.0
14149,5,3,2.0
14150,5,4,3.0
14151,5,4,3.0
14152,5,3,2.0
14153,5,3,2.0
14154,5,2,2.0
14155,5,1,2.0
14156,5,1,3.0
14157,5,4,3.0
14158,5,3,2.0
14159,5,3,2.0
14160,5,2,2.0
14161,5,0,2.0
14162,5,2,2.0
14163,5,1,2.0
14164,5,4,2.0
14165,5,2,2.0
14166,5,1,2.0
14167,5,3,2.0
14168,5,1,2.0
14169,5,1,2.0
14170,5,2,2.0
14171,5,4,2.0
14172,5,2,3.0
14173,5,2,2.0
14174,5,3,3.0
14175,5,2,3.0
14176,5,4,3.0
14177,5,3,2.0
14178,5,1,2.0
14179,5,3,2.0
14180,5,4,3.0
14181,5,2,2.0
14182,5,2,2.0
14183,5,3,2.0
14184,5,4,2.0
14185,5,2,2.0
14186,5,2,2.0
14187,5,3,2.0
14188,5,2,2.0
14189,5,3,2.0
14190,5,3,2.0
14191,5,3,2.0
14192,5,2,3.0
14193,5,2,2.0
14194,5,2,2.0
14195,5,4,3.0
14196,5,3,2.0
14197,5,3,2.0
14198,5,3,2.0
14199,5,0,2.0
14200,5,1,2.0
14201,5,3,2.0
14202,5,2,3.0
14203,5,3,3.0
14204,5,3,3.0
14205,5,3,3.0
14206,5,3,2.0
14207,5,4,3.0
14208,5,2,2.0
14209,5,4,2.0
14210,5,3,2.0
14211,5,2,2.0
14212,5,2,2.0
14213,5,2,2.0
14214,5,2,2.0
14215,5,2,2.0
14216,5,3,2.0
14217,5,3,3.0
14218,5,2,2.0
14219,5,4,3.0
14220,5,3,3.0
14221,5,3,3.0
14222,5,4,2.0
14223,5,2,2.0
14224,5,3,2.0
14225,5,2,2.0
14226,5,4,2.0
14227,5,3,2.0
14228,5,2,2.0
14229,5,3,3.0
14230,5,3,3.0
14231,5,2,2.0
14232,5,3,3.0
16634,6,1,3.0
16635,6,1,3.0
16636,6,3,3.0
16637,6,3,3.0
16638,6,3,3.0
16639,6,3,3.0
16640,6,3,3.0
16641,6,3,3.0
16642,6,4,3.0
16643,6,1,2.0
16644,6,3,2.0
16645,6,2,3.0
16646,6,2,2.0
16647,6,3,3.0
16648,6,3,3.0
16649,6,2,3.0
16650,6,4,3.0
16651,6,2,3.0
16652,6,2,3.0
16653,6,3,3.0
16654,6,3,3.0
16655,6,3,2.0
16656,6,2,2.0
16657,6,3,3.0
16658,6,3,3.0
16659,6,3,3.0
16660,6,2,3.0
16661,6,2,2.0
16662,6,3,3.0
16663,6,2,4.0
16664,6,2,3.0
16665,6,2,3.0
16666,6,3,2.0
16667,6,1,3.0
16668,6,3,2.0
16669,6,1,3.0
16670,6,3,3.0
16671,6,3,3.0
16672,6,1,3.0
16673,6,2,3.0
16674,6,4,2.0
16675,6,3,3.0
16676,6,2,3.0
16677,6,2,2.0
16678,6,1,3.0
16679,6,3,3.0
16680,6,2,3.0
16681,6,2,3.0
16682,6,3,3.0
16683,6,3,3.0
16684,6,2,2.0
16685,6,2,3.0
16686,6,3,2.0
16687,6,3,2.0
16688,6,2,3.0
16689,6,3,3.0
16690,6,3,3.0
16691,6,3,3.0
16692,6,3,3.0
16693,6,3,2.0
16694,6,2,3.0
16695,6,3,3.0
16696,6,3,3.0
16697,6,2,3.0
16698,6,3,2.0
16699,6,3,3.0
16700,6,4,2.0
16701,6,3,3.0
16702,6,2,3.0
16703,6,2,3.0
16704,6,4,3.0
16705,6,0,2.0
16706,6,2,3.0
16707,6,3,3.0
16708,6,4,3.0
16709,6,3,2.0
16710,6,1,2.0
16711,6,3,3.0
16712,6,3,3.0
16713,6,3,3.0
16714,6,3,2.0
16715,6,3,2.0
16716,6,3,2.0
16717,6,3,3.0
16718,6,2,3.0
16719,6,2,3.0
16720,6,3,2.0
16721,6,3,2.0
16722,6,3,3.0
16723,6,3,3.0
16724,6,4,3.0
16725,6,3,2.0
16726,6,3,3.0
16727,6,4,3.0
16728,6,3,3.0
16729,6,1,2.0
16730,6,4,3.0
16731,6,2,3.0
16732,6,3,3.0
16733,6,3,2.0
16734,6,4,2.0
16735,6,2,3.0
16736,6,2,3.0
16737,6,3,3.0
16738,6,3,3.0
16739,6,3,2.0
16740,6,0,2.0
16741,6,3,3.0
16742,6,4,2.0
16743,6,3,3.0
16744,6,3,3.0
16745,6,3,2.0
16746,6,3,3.0
16747,6,2,2.0
16748,6,3,3.0
16749,6,4,3.0
16750,6,2,3.0
16751,6,3,2.0
16752,6,3,3.0
16753,6,4,2.0
16754,6,3,3.0
16755,6,3,3.0
16756,6,4,2.0
16757,6,1,3.0
16758,6,2,3.0
16759,6,1,2.0
16760,6,3,3.0
16761,6,2,3.0
16762,6,3,3.0
16763,6,3,2.0
16764,6,3,3.0
16765,6,2,3.0
16766,6,3,3.0
16767,6,3,3.0
16768,6,3,3.0
16769,6,3,3.0
16770,6,3,3.0
16771,6,2,3.0
16772,6,3,3.0
16773,6,3,3.0
16774,6,3,3.0
16775,6,3,2.0
16776,6,4,3.0
16777,6,3,2.0
16778,6,3,3.0
16779,6,4,3.0
16780,6,3,3.0
16781,6,2,3.0
16782,6,3,3.0
16783,6,3,2.0
16784,6,3,3.0
16785,6,3,3.0
16786,6,3,3.0
16787,6,3,2.0
16788,6,1,3.0
16789,6,4,3.0
16790,6,4,2.0
16791,6,4,2.0
16792,6,3,2.0
16793,6,4,3.0
16794,6,3,3.0
16795,6,3,2.0
16796,6,3,3.0
16797,6,3,2.0
16798,6,2,3.0
16799,6,2,3.0
16800,6,3,3.0
16801,6,3,3.0
16802,6,1,3.0
16803,6,3,3.0
16804,6,1,3.0
16805,6,1,2.0
16806,6,1,3.0
16807,6,2,3.0
16808,6,4,2.0
16809,6,2,3.0
16810,6,4,3.0
16811,6,3,3.0
16812,6,3,2.0
16813,6,3,2.0
16814,6,2,2.0
16815,6,3,2.0
16816,6,3,3.0
16817,6,3,2.0
16818,6,3,3.0
16819,6,2,3.0
16820,6,4,3.0
16821,6,3,3.0
16822,6,3,2.0
16823,6,2,3.0
16824,6,2,3.0
16825,6,2,3.0
16826,6,3,2.0
16827,6,4,3.0
16828,6,4,3.0
16829,6,3,3.0
16830,6,3,3.0
16831,6,3,2.0
16832,6,3,3.0
16833,6,3,3.0
16834,6,3,3.0
16835,6,2,3.0
16836,6,4,3.0
16837,6,3,2.0
16838,6,2,3.0
16839,6,4,3.0
16840,6,4,3.0
16841,6,4,3.0
16842,6,4,3.0
16843,6,4,3.0
16844,6,3,3.0
16845,6,3,3.0
16846,6,3,3.0
16847,6,3,3.0
16848,6,4,2.0
16849,6,2,3.0
16850,6,4,3.0
16851,6,3,3.0
16852,6,2,3.0
16853,6,2,3.0
16854,6,3,3.0
16855,6,3,3.0
16856,6,3,3.0
16857,6,3,2.0
16858,6,1,2.0
16859,6,3,3.0
16860,6,3,2.0
16861,6,4,3.0
16862,6,2,3.0
16863,6,2,2.0
16864,6,2,2.0
16865,6,3,3.0
16866,6,3,2.0
16867,6,2,3.0
16868,6,2,2.0
16869,6,0,3.0
16870,6,3,3.0
16871,6,3,3.0
16872,6,4,3.0
16873,6,3,2.0
16874,6,2,3.0
16875,6,3,3.0
16876,6,1,3.0
16877,6,1,3.0
16878,6,3,3.0
16879,6,1,3.0
16880,6,3,3.0
16881,6,2,3.0
16882,6,2,3.0
16883,6,3,3.0
16884,6,3,3.0
16885,6,3,3.0
16886,6,3,3.0
16887,6,3,3.0
16888,6,3,2.0
16889,6,4,2.0
16890,6,4,3.0
16891,6,2,3.0
16892,6,4,2.0
16893,6,2,3.0
16894,6,3,2.0
16895,6,3,2.0
16896,6,3,3.0
16897,6,3,3.0
16898,6,3,3.0
16899,6,2,3.0
16900,6,2,3.0
16901,6,2,2.0
16902,6,2,2.0
16903,6,3,3.0
16904,6,3,3.0
16905,6,1,3.0
16906,6,4,3.0
16907,6,4,3.0
16908,6,4,3.0
16909,6,3,3.0
16910,6,3,2.0
16911,6,3,2.0
16912,6,3,2.0
16913,6,3,2.0
16914,6,2,3.0
16915,6,3,3.0
16916,6,3,3.0
16917,6,2,3.0
16918,6,3,3.0
16919,6,2,3.0
16920,6,4,3.0
16921,6,3,2.0
16922,6,3,3.0
16923,6,2,2.0
16924,6,3,3.0
16925,6,3,2.0
16926,6,4,3.0
16927,6,3,3.0
16928,6,3,3.0
16929,6,2,3.0
16930,6,2,3.0
16931,6,3,3.0
16932,6,3,2.0
16933,6,4,3.0
16934,6,3,3.0
16935,6,2,3.0
16936,6,2,3.0
16937,6,3,3.0
16938,6,2,3.0
16939,6,2,3.0
16940,6,2,3.0
16941,6,2,3.0
16942,6,3,2.0
16943,6,3,3.0
16944,6,3,3.0
16945,6,3,3.0
16946,6,2,3.0
16947,6,3,2.0
16948,6,2,3.0
16949,6,3,2.0
16950,6,1,3.0
16951,6,1,3.0
16952,6,2,2.0
16953,6,4,3.0
16954,6,3,3.0
16955,6,3,3.0
16956,6,2,3.0
16957,6,3,3.0
16958,6,3,2.0
16959,6,3,3.0
16960,6,3,2.0
16961,6,2,3.0
16962,6,3,3.0
16963,6,2,3.0
16964,6,3,3.0
16965,6,3,3.0
16966,6,3,3.0
16967,6,2,3.0
16968,6,1,2.0
16969,6,4,3.0
16970,6,3,3.0
16971,6,2,2.0
16972,6,3,3.0
16973,6,3,3.0
16974,6,3,3.0
16975,6,1,3.0
16976,6,3,2.0
16977,6,3,3.0
16978,6,3,3.0
16979,6,4,3.0
16980,6,2,2.0
16981,6,2,2.0
16982,6,3,3.0
16983,6,4,3.0
16984,6,2,2.0
16985,6,2,3.0
16986,6,2,3.0
16987,6,4,3.0
16988,6,1,2.0
16989,6,3,3.0
16990,6,4,2.0
16991,6,2,3.0
16992,6,3,2.0
16993,6,3,2.0
16994,6,3,3.0
16995,6,3,2.0
16996,6,3,3.0
16997,6,2,3.0
16998,6,3,3.0
16999,6,1,3.0
17000,6,3,2.0
17001,6,3,3.0
17002,6,3,3.0
17003,6,3,3.0
17004,6,4,2.0
17005,6,3,3.0
17006,6,3,2.0
17007,6,3,3.0
17008,6,3,3.0
17009,6,2,3.0
17010,6,3,3.0
17011,6,3,2.0
17012,6,4,3.0
17013,6,2,3.0
17014,6,2,3.0
17015,6,3,2.0
17016,6,3,3.0
17017,6,3,3.0
17018,6,1,3.0
17019,6,3,3.0
17020,6,4,2.0
17021,6,3,3.0
17022,6,1,3.0
17023,6,3,3.0
17024,6,3,3.0
17025,6,3,3.0
17026,6,3,3.0
17027,6,3,3.0
17028,6,4,3.0
17029,6,3,3.0
17030,6,3,3.0
17031,6,3,2.0
17032,6,2,3.0
17033,6,3,2.0
17034,6,3,3.0
17035,6,3,3.0
17036,6,3,3.0
17037,6,3,3.0
17038,6,3,3.0
17039,6,2,3.0
17040,6,1,3.0
17041,6,2,3.0
17042,6,3,3.0
17043,6,3,3.0
17044,6,3,3.0
17045,6,3,3.0
17046,6,1,3.0
17047,6,3,3.0
17048,6,1,3.0
17049,6,3,3.0
17050,6,2,3.0
17051,6,2,3.0
17052,6,1,2.0
17053,6,4,3.0
17054,6,4,3.0
17055,6,3,3.0
17056,6,2,2.0
17057,6,3,2.0
17058,6,3,2.0
17059,6,3,3.0
17060,6,3,3.0
17061,6,3,3.0
17062,6,3,2.0
17063,6,3,3.0
17064,6,3,3.0
17065,6,3,3.0
17066,6,3,3.0
17067,6,2,3.0
17068,6,1,3.0
17069,6,3,3.0
17070,6,3,3.0
17071,6,2,2.0
17072,6,1,2.0
17073,6,2,3.0
17074,6,3,2.0
17075,6,3,2.0
17076,6,3,3.0
17077,6,2,3.0
17078,6,3,3.0
17079,6,2,3.0
17080,6,4,3.0
17081,6,3,3.0
17082,6,1,2.0
17083,6,3,3.0
17084,6,3,2.0
17085,6,3,3.0
17086,6,3,2.0
17087,6,3,3.0
17088,6,3,3.0
17089,6,3,2.0
17090,6,2,3.0
17091,6,3,3.0
17092,6,3,3.0
17093,6,4,2.0
17094,6,3,2.0
17095,6,3,3.0
17096,6,4,3.0
17097,6,1,2.0
17098,6,3,3.0
17099,6,2,3.0
17100,6,2,2.0
17101,6,3,2.0
17102,6,2,3.0
17103,6,2,3.0
17104,6,3,3.0
17105,6,2,2.0
17106,6,4,3.0
17107,6,3,2.0
17108,6,2,3.0
17109,6,3,3.0
17110,6,3,2.0
17111,6,3,3.0
17112,6,4,3.0
17113,6,3,3.0
17114,6,3,3.0
17115,6,2,2.0
17116,6,2,3.0
17117,6,4,2.0
17118,6,3,3.0
17119,6,3,2.0
17120,6,4,2.0
17121,6,2,3.0
17122,6,3,2.0
17123,6,3,3.0
17124,6,2,2.0
17125,6,2,3.0
17126,6,2,3.0
17127,6,3,3.0
17128,6,3,3.0
17129,6,4,2.0
17130,6,3,3.0
17131,6,3,3.0
17132,6,3,3.0
17133,6,3,3.0
17134,6,3,2.0
17135,6,3,2.0
17136,6,4,3.0
17137,6,2,3.0
17138,6,3,3.0
17139,6,4,2.0
17140,6,4,3.0
17141,6,3,3.0
17142,6,2,3.0
17143,6,3,3.0
17144,6,3,3.0
17145,6,3,3.0
17146,6,2,2.0
17147,6,1,2.0
17148,6,2,3.0
17149,6,4,3.0
17150,6,3,3.0
17151,6,2,2.0
17152,6,4,3.0
17153,6,3,3.0
17154,6,2,3.0
17155,6,2,3.0
17156,6,2,3.0
17157,6,3,2.0
17158,6,2,3.0
17159,6,4,3.0
17160,6,3,3.0
17161,6,3,3.0
17162,6,3,3.0
17163,6,3,3.0
17164,6,3,3.0
17165,6,4,3.0
17166,6,3,2.0
17167,6,3,3.0
17168,6,4,3.0
17169,6,4,3.0
17170,6,4,3.0
17171,6,2,2.0
17172,6,3,2.0
17173,6,3,2.0
17174,6,3,3.0
17175,6,4,2.0
17176,6,1,2.0
17177,6,4,2.0
17178,6,3,3.0
17179,6,4,2.0
17180,6,2,2.0
17181,6,3,3.0
17182,6,3,3.0
17183,6,2,2.0
17184,6,3,2.0
17185,6,2,3.0
17186,6,2,3.0
17187,6,2,3.0
17188,6,4,3.0
17189,6,3,3.0
17190,6,2,2.0
17191,6,1,2.0
17192,6,3,3.0
17193,6,3,3.0
17194,6,3,3.0
17195,6,3,2.0
17196,6,4,2.0
17197,6,3,2.0
17198,6,2,3.0
17199,6,4,3.0
17200,6,3,2.0
17201,6,4,3.0
17202,6,3,2.0
17203,6,3,3.0
17204,6,3,3.0
17205,6,4,3.0
17206,6,3,3.0
17207,6,1,3.0
17208,6,3,2.0
17209,6,4,3.0
17210,6,3,3.0
17211,6,2,3.0
17212,6,3,2.0
17213,6,2,3.0
17214,6,3,2.0
17215,6,0,3.0
17216,6,3,3.0
17217,6,4,3.0
17218,6,2,2.0
17219,6,3,3.0
17220,6,2,3.0
17221,6,3,2.0
17222,6,3,2.0
17223,6,3,3.0
17224,6,3,3.0
17225,6,4,3.0
17226,6,3,2.0
17227,6,3,3.0
17228,6,4,3.0
17229,6,2,2.0
17230,6,3,3.0
17231,6,3,3.0
17232,6,2,3.0
17233,6,1,3.0
19564,7,16,30.0
19565,7,16,17.0
19566,7,16,24.0
19567,7,12,15.0
19568,7,20,19.0
19569,7,13,14.0
19571,7,19,15.0
19572,7,16,16.0
19573,7,21,19.0
19574,7,20,16.0
19575,7,20,15.0
19576,7,19,19.0
19577,7,11,14.0
19579,7,14,19.0
19580,7,18,23.0
19582,7,17,28.0
19583,7,9,15.0
19585,7,18,7.0
19586,7,20,26.0
19587,7,17,14.0
19588,7,15,15.0
19589,7,15,13.0
19590,7,14,15.0
19592,7,18,21.0
19593,7,20,17.0
19595,7,14,16.0
19596,7,19,17.0
19597,7,17,18.0
19598,7,15,20.0
19599,7,21,18.0
19600,7,17,16.0
19601,7,16,9.0
19602,7,21,19.0
19603,7,22,20.0
19604,7,16,16.0
19605,7,20,15.0
19606,7,18,18.0
19607,7,17,23.0
19608,7,24,35.0
19609,7,23,18.0
19611,7,19,17.0
19613,7,12,19.0
19614,7,21,16.0
19615,7,16,16.0
19616,7,17,13.0
19617,7,16,15.0
19619,7,17,12.0
19621,7,14,12.0
19622,7,17,14.0
19624,7,23,23.0
19625,7,18,25.0
19626,7,15,16.0
19627,7,9,14.0
19628,7,13,19.0
19629,7,21,34.0
19630,7,23,21.0
19631,7,16,22.0
19632,7,10,15.0
19633,7,21,25.0
19634,7,19,20.0
19635,7,18,17.0
19636,7,16,16.0
19637,7,16,18.0
19639,7,15,21.0
19640,7,16,18.0
19641,7,13,9.0
19642,7,21,28.0
19643,7,19,15.0
19644,7,15,33.0
19645,7,16,18.0
19646,7,14,8.0
19647,7,16,16.0
19648,7,19,20.0
19649,7,18,15.0
19650,7,18,18.0
19652,7,13,10.0
19653,7,8,12.0
19655,7,21,24.0
19656,7,16,19.0
19660,7,17,19.0
19661,7,14,14.0
19662,7,17,15.0
19663,7,20,15.0
19666,7,16,23.0
19670,7,13,12.0
19671,7,17,17.0
19672,7,9,10.0
19674,7,9,19.0
19675,7,11,14.0
19676,7,20,16.0
19677,7,14,21.0
19678,7,19,16.0
19679,7,18,19.0
19680,7,19,14.0
19681,7,16,19.0
19682,7,14,11.0
19683,7,16,15.0
19684,7,19,10.0
19685,7,10,11.0
19686,7,17,15.0
19687,7,22,22.0
19688,7,18,23.0
19690,7,12,15.0
19691,7,15,14.0
19692,7,16,17.0
19694,7,18,19.0
19696,7,20,11.0
19697,7,15,16.0
19698,7,23,22.0
19700,7,16,17.0
19701,7,16,19.0
19702,7,14,9.0
19703,7,19,20.0
19704,7,21,14.0
19705,7,20,21.0
19706,7,17,9.0
19707,7,18,19.0
19708,7,15,6.0
19709,7,17,10.0
19710,7,19,14.0
19712,7,19,16.0
19713,7,15,18.0
19714,7,21,18.0
19716,7,20,19.0
19717,7,20,23.0
19718,7,12,16.0
19719,7,20,22.0
19720,7,16,20.0
19721,7,19,17.0
19722,7,8,17.0
19723,7,14,18.0
19724,7,19,14.0
19726,7,13,10.0
19727,7,21,19.0
19728,7,14,8.0
19729,7,12,9.0
19731,7,13,12.0
19732,7,14,22.0
19733,7,17,14.0
19734,7,10,10.0
19735,7,18,18.0
19736,7,14,14.0
19737,7,15,11.0
19738,7,18,17.0
19739,7,14,8.0
19740,7,21,25.0
19741,7,15,16.0
19742,7,13,15.0
19743,7,12,12.0
19746,7,16,14.0
19749,7,17,18.0
19750,7,16,13.0
19752,7,16,18.0
19753,7,17,16.0
19754,7,19,15.0
19755,7,15,17.0
19756,7,16,16.0
19757,7,20,12.0
19758,7,23,18.0
19760,7,9,17.0
19761,7,14,15.0
19763,7,12,11.0
19765,7,17,20.0
19766,7,19,16.0
19767,7,14,19.0
19769,7,14,14.0
19771,7,20,18.0
19773,7,15,11.0
19774,7,19,15.0
19775,7,13,10.0
19780,7,13,14.0
19781,7,17,22.0
19782,7,19,21.0
19785,7,16,20.0
19786,7,21,17.0
19788,7,14,13.0
19789,7,15,8.0
19790,7,14,22.0
19791,7,7,11.0
19792,7,15,13.0
19796,7,17,21.0
19797,7,17,23.0
19798,7,13,8.0
19800,7,19,19.0
19801,7,11,15.0
19804,7,8,14.0
19806,7,16,18.0
19810,7,16,18.0
19812,7,19,18.0
19815,7,9,11.0
19816,7,10,11.0
19817,7,16,14.0
19818,7,13,11.0
19820,7,12,17.0
19823,7,12,15.0
19824,7,16,16.0
19825,7,18,17.0
19826,7,13,17.0
19827,7,16,14.0
19828,7,15,17.0
19829,7,19,26.0
19830,7,18,19.0
19831,7,22,17.0
19832,7,20,23.0
19833,7,21,23.0
19834,7,15,18.0
19835,7,19,16.0
19837,7,21,14.0
19838,7,16,18.0
19839,7,14,17.0
19840,7,16,15.0
19842,7,13,17.0
19843,7,20,10.0
19844,7,20,15.0
19845,7,19,22.0
19846,7,14,23.0
19848,7,16,24.0
19849,7,17,17.0
19851,7,19,18.0
19852,7,16,20.0
19853,7,18,19.0
19855,7,18,12.0
19856,7,13,17.0
19857,7,23,19.0
19858,7,13,15.0
19859,7,16,13.0
19861,7,19,21.0
19862,7,20,16.0
19864,7,17,9.0
19865,7,14,31.0
19866,7,20,14.0
19869,7,19,12.0
19871,7,14,16.0
19872,7,15,23.0
19873,7,14,16.0
19874,7,16,17.0
19875,7,20,23.0
19876,7,12,20.0
19877,7,8,9.0
19878,7,17,23.0
19879,7,16,18.0
19880,7,17,14.0
19881,7,11,12.0
19882,7,13,9.0
19883,7,14,15.0
19884,7,13,17.0
19885,7,16,17.0
19887,7,17,11.0
19888,7,13,12.0
19889,7,21,18.0
19890,7,12,15.0
19892,7,20,23.0
19893,7,17,32.0
19894,7,21,22.0
19896,7,14,15.0
19897,7,21,13.0
19898,7,17,18.0
19900,7,11,10.0
19901,7,17,16.0
19903,7,20,19.0
19904,7,9,14.0
19905,7,14,17.0
19906,7,12,9.0
19908,7,14,19.0
19909,7,18,12.0
19910,7,21,13.0
19912,7,14,14.0
19914,7,21,22.0
19915,7,19,18.0
19917,7,13,16.0
19918,7,13,14.0
19919,7,18,13.0
19921,7,15,16.0
19923,7,16,18.0
19924,7,10,10.0
19925,7,21,21.0
19927,7,16,16.0
19929,7,11,11.0
19930,7,15,17.0
19932,7,15,17.0
19933,7,18,18.0
19934,7,19,16.0
19935,7,15,16.0
19936,7,13,11.0
19937,7,16,15.0
19939,7,21,19.0
19940,7,9,16.0
19941,7,22,21.0
19943,7,23,23.0
19946,7,14,18.0
19948,7,16,19.0
19950,7,6,10.0
19951,7,14,18.0
19954,7,20,18.0
19956,7,19,20.0
19957,7,15,10.0
19958,7,18,20.0
19959,7,18,17.0
19960,7,13,9.0
19961,7,22,17.0
19963,7,18,19.0
19964,7,16,13.0
19965,7,16,15.0
19966,7,8,11.0
19967,7,16,13.0
19968,7,17,15.0
19969,7,14,8.0
19970,7,17,12.0
19972,7,17,14.0
19973,7,13,12.0
19974,7,17,17.0
19975,7,15,16.0
19977,7,22,18.0
19978,7,13,17.0
19979,7,19,17.0
19980,7,15,12.0
19981,7,13,14.0
19982,7,21,20.0
19983,7,9,13.0
19984,7,20,28.0
19985,7,9,13.0
19987,7,17,16.0
19989,7,15,21.0
19991,7,17,12.0
19992,7,17,21.0
19994,7,17,15.0
19995,7,20,21.0
19996,7,19,16.0
19997,7,18,17.0
19998,7,15,14.0
20000,7,19,30.0
20001,7,14,19.0
20002,7,19,15.0
20004,7,17,13.0
20005,7,17,18.0
20007,7,18,13.0
20010,7,20,20.0
20011,7,4,6.0
20013,7,19,30.0
20014,7,21,17.0
20015,7,19,19.0
20016,7,19,19.0
20017,7,16,16.0
20018,7,17,16.0
20019,7,15,14.0
20020,7,15,16.0
20022,7,18,17.0
20023,7,17,14.0
20024,7,15,13.0
20025,7,17,24.0
20027,7,15,11.0
20030,7,16,15.0
20031,7,15,20.0
20034,7,19,16.0
20035,7,16,9.0
20036,7,13,18.0
20038,7,19,19.0
20039,7,14,13.0
20040,7,23,20.0
20042,7,19,18.0
20044,7,18,16.0
20045,7,20,24.0
20046,7,11,8.0
20048,7,14,25.0
20049,7,21,19.0
20050,7,15,19.0
20052,7,10,13.0
20053,7,21,18.0
20055,7,23,24.0
20057,7,16,16.0
20058,7,22,21.0
20060,7,19,16.0
20061,7,19,17.0
20062,7,18,13.0
20064,7,12,16.0
20065,7,16,17.0
20067,7,18,19.0
20068,7,19,12.0
20069,7,16,16.0
20070,7,15,10.0
20071,7,14,26.0
20072,7,14,15.0
20073,7,14,11.0
20074,7,14,12.0
20075,7,15,19.0
20076,7,15,19.0
20077,7,12,13.0
20078,7,15,8.0
20079,7,19,31.0
20080,7,13,8.0
20081,7,8,9.0
20082,7,15,39.0
20083,7,16,13.0
20084,7,13,12.0
20085,7,17,17.0
20086,7,17,19.0
20087,7,17,13.0
20088,7,19,18.0
20089,7,14,14.0
20090,7,21,20.0
20092,7,11,7.0
20093,7,16,18.0
20094,7,17,19.0
20095,7,17,19.0
20096,7,11,5.0
20097,7,20,32.0
20098,7,15,23.0
20099,7,22,18.0
20100,7,11,9.0
20101,7,11,15.0
20102,7,15,17.0
20104,7,14,6.0
20105,7,17,20.0
20106,7,18,20.0
20107,7,18,18.0
20108,7,14,9.0
20109,7,16,13.0
20110,7,16,18.0
20111,7,12,16.0
20112,7,15,11.0
20113,7,14,6.0
20114,7,7,19.0
20115,7,24,25.0
20116,7,18,19.0
20119,7,13,17.0
20120,7,18,16.0
20121,7,12,14.0
20122,7,13,16.0
20123,7,22,21.0
20125,7,20,17.0
20127,7,21,17.0
20128,7,20,24.0
20129,7,23,31.0
20130,7,9,16.0
20131,7,19,19.0
20132,7,14,14.0
20134,7,18,20.0
20135,7,19,34.0
20136,7,17,15.0
20137,7,20,19.0
20139,7,15,14.0
21634,8,40,38.0
21635,8,38,28.0
21637,8,39,39.0
21638,8,40,39.0
21639,8,42,39.0
21641,8,38,33.0
21642,8,35,39.0
21644,8,36,35.0
21645,8,36,16.0
21647,8,41,35.0
21648,8,36,31.0
21649,8,42,37.0
21650,8,35,27.0
21651,8,39,37.0
21652,8,37,35.0
21653,8,32,39.0
21655,8,42,39.0
21656,8,38,38.0
21658,8,38,33.0
21659,8,32,37.0
21660,8,33,33.0
21661,8,41,40.0
21664,8,40,36.0
21665,8,41,38.0
21666,8,36,37.0
21667,8,37,37.0
21669,8,39,35.0
21670,8,33,36.0
21671,8,38,35.0
21672,8,35,39.0
21673,8,42,38.0
21674,8,38,37.0
21675,8,41,36.0
21676,8,37,38.0
21677,8,35,38.0
21678,8,38,32.0
21679,8,39,40.0
21680,8,37,37.0
21681,8,38,37.0
21683,8,36,34.0
21685,8,39,37.0
21686,8,42,38.0
21687,8,31,33.0
21688,8,31,23.0
21689,8,35,34.0
21690,8,33,29.0
21692,8,39,35.0
21694,8,37,36.0
21696,8,37,40.0
21697,8,37,40.0
21698,8,33,26.0
21699,8,38,34.0
21700,8,39,32.0
21701,8,36,34.0
21703,8,38,36.0
21704,8,39,33.0
21706,8,42,37.0
21707,8,44,37.0
21709,8,39,38.0
21711,8,38,36.0
21714,8,41,39.0
21716,8,40,34.0
21717,8,39,35.0
21718,8,42,37.0
21719,8,35,23.0
21720,8,40,39.0
21722,8,43,38.0
21723,8,38,34.0
21725,8,39,39.0
21726,8,35,35.0
21729,8,41,38.0
21731,8,33,36.0
21732,8,33,37.0
21733,8,36,39.0
21734,8,37,39.0
21735,8,40,39.0
21738,8,41,37.0
21739,8,40,39.0
21742,8,44,31.0
21743,8,37,39.0
21744,8,36,22.0
21746,8,43,39.0
21747,8,41,38.0
21748,8,36,30.0
21749,8,37,38.0
21751,8,35,37.0
21753,8,21,34.0
21754,8,33,34.0
21755,8,40,35.0
21756,8,34,20.0
21757,8,35,38.0
21758,8,38,31.0
21761,8,39,33.0
21762,8,31,35.0
21763,8,43,36.0
21764,8,34,38.0
21765,8,35,36.0
21766,8,40,31.0
21767,8,44,32.0
21768,8,43,34.0
21770,8,40,33.0
21771,8,38,33.0
21772,8,37,37.0
21773,8,37,7.0
21774,8,33,27.0
21776,8,40,37.0
21777,8,42,38.0
21778,8,40,40.0
21781,8,40,39.0
21782,8,38,34.0
21783,8,41,38.0
21785,8,42,35.0
21786,8,41,37.0
21788,8,39,26.0
21789,8,40,36.0
21790,8,36,35.0
21791,8,42,38.0
21792,8,34,32.0
21793,8,37,37.0
21794,8,43,37.0
21795,8,34,34.0
21796,8,40,37.0
21797,8,30,35.0
21798,8,34,34.0
21799,8,36,39.0
21802,8,35,34.0
21803,8,31,37.0
21805,8,30,36.0
21808,8,36,39.0
21809,8,33,22.0
21810,8,44,37.0
21811,8,38,38.0
21812,8,37,36.0
21813,8,38,38.0
21814,8,38,37.0
21815,8,34,27.0
21816,8,36,36.0
21817,8,36,38.0
21818,8,35,35.0
21819,8,34,21.0
21820,8,36,37.0
21821,8,39,38.0
21822,8,35,36.0
21823,8,41,38.0
21825,8,28,35.0
21827,8,32,35.0
21828,8,36,37.0
21829,8,39,25.0
21830,8,40,37.0
21832,8,38,36.0
21834,8,42,37.0
21835,8,40,30.0
21836,8,38,15.0
21837,8,43,38.0
21838,8,38,38.0
21839,8,38,26.0
21841,8,35,33.0
21845,8,39,37.0
21846,8,37,22.0
21847,8,34,37.0
21848,8,38,38.0
21850,8,34,36.0
21854,8,37,38.0
21855,8,31,24.0
21856,8,41,34.0
21857,8,37,38.0
21858,8,35,38.0
21859,8,36,32.0
21860,8,41,38.0
21861,8,32,35.0
21863,8,46,37.0
21864,8,31,15.0
21865,8,37,39.0
21866,8,32,34.0
21867,8,39,39.0
21868,8,38,36.0
21869,8,40,36.0
21870,8,36,37.0
21871,8,36,39.0
21872,8,36,39.0
21873,8,42,38.0
21874,8,50,18.0
21875,8,33,37.0
21876,8,40,36.0
21877,8,38,30.0
21878,8,36,39.0
21880,8,35,38.0
21881,8,38,38.0
21883,8,27,31.0
21885,8,41,30.0
21886,8,40,35.0
21887,8,40,29.0
21888,8,41,38.0
21889,8,40,32.0
21890,8,39,34.0
21891,8,35,37.0
21893,8,40,39.0
21894,8,36,39.0
21896,8,26,33.0
21897,8,27,35.0
21898,8,38,37.0
21899,8,32,23.0
21901,8,27,34.0
21902,8,40,38.0
21903,8,41,38.0
21904,8,32,39.0
21905,8,41,39.0
21906,8,38,39.0
21908,8,36,38.0
21910,8,44,40.0
21911,8,23,8.0
21912,8,37,34.0
21913,8,39,37.0
21915,8,30,37.0
21916,8,36,31.0
21917,8,27,38.0
21918,8,35,37.0
21919,8,37,33.0
21921,8,39,35.0
21922,8,41,37.0
21923,8,41,26.0
21924,8,39,38.0
21925,8,37,22.0
21926,8,36,38.0
21927,8,35,34.0
21928,8,37,38.0
21929,8,38,37.0
21932,8,33,39.0
21933,8,33,37.0
21934,8,35,38.0
21935,8,38,35.0
21937,8,32,37.0
21938,8,39,35.0
